SampleID,Strain,Tissue,MouseID,Control,MetabolicState,Batch,AncestorOverfed,Index,Sequenced Reads,Trimmed reads,Trimmed rate,Aligned reads,Mapping rate,Reads mapped to piRNA clusters,Mapping to piRNA clusters rate
sample01,ICR,testis,20.3,TRUE,1,1,FALSE,TAGCTT,15759379,13992330,0.89,13302150,0.95,10318038,0.78
sample02,ICR,testis,25.4,TRUE,1,1,FALSE,AGTTCC,12203278,10891699,0.89,10341221,0.95,8134311,0.79
sample03,ICR,testis,20.3.1,TRUE,0,1,FALSE,GGCTAC,15012716,13360488,0.89,12707852,0.95,9900264,0.78
sample04,ICR,testis,25.4.1,TRUE,NA,1,FALSE,ATGTCA,12710426,11312120,0.89,10762727,0.95,8465889,0.79
sample05,ICR,testis,20.3.2.2,TRUE,0,1,FALSE,AGTCAA,13407960,11922612,0.89,11349807,0.95,8547659,0.75
sample06,ICR,testis,25.4.3.6,TRUE,0,1,FALSE,CCGTCC,15688867,13888663,0.89,13200381,0.95,10332299,0.78
sample07,ICR,testis,21.2,TRUE,5,1,FALSE,GTAGAG,14577375,12954700,0.89,12325254,0.95,9660179,0.78
sample08,ICR,testis,23.3,FALSE,5,1,TRUE,CAAAAG,14910945,13251741,0.89,12605746,0.95,9770208,0.78
sample09,ICR,testis,22.2.1,FALSE,4,1,TRUE,ATGAGC,12567336,11151937,0.89,10603881,0.95,8326584,0.79
sample10,ICR,testis,21.3.2.5,FALSE,4,1,TRUE,GGTAGC,14577375,12955952,0.89,12319582,0.95,9648215,0.78
sample11,ICR,testis,23.3.1.1,FALSE,1,1,TRUE,CACCGG,13370810,11844320,0.89,11266453,0.95,8799865,0.78
sample12,ICR,testis,22.2,FALSE,5,1,TRUE,ACTGAT,14840475,13226257,0.89,12553529,0.95,9905944,0.79
sample13,ICR,testis,21.3.4,FALSE,1,1,TRUE,GTCCGC,14826839,13061855,0.88,12443843,0.95,9321258,0.75
sample14,ICR,testis,23.3.3,FALSE,3,1,TRUE,CAACTA,16758590,14874236,0.89,14150960,0.95,11116234,0.79
sample15,ICR,testis,22.2.3.2,FALSE,4,1,TRUE,ATTCCT,11992020,10690848,0.89,10176530,0.95,8059890,0.79
sample16,ICR,testis,5.5,TRUE,0,2,FALSE,ACAGTG,20176689,17769646,0.88,16956489,0.95,13588723,0.80
sample17,ICR,testis,5.5.1,TRUE,0,2,FALSE,AGTCAA,21677616,19005911,0.88,18115058,0.95,14383660,0.79
sample18,ICR,testis,5.5.2,TRUE,0,2,FALSE,AGTTCC,22009667,19315352,0.88,18427316,0.95,14744907,0.80
sample19,ICR,testis,5.1,TRUE,1,2,FALSE,ATCACG,19042244,16718050,0.88,15928808,0.95,12716452,0.80
sample20,ICR,testis,5.4.3,TRUE,NA,2,FALSE,ATGTCA,21879523,19197880,0.88,18267033,0.95,14393628,0.79
sample21,ICR,testis,25.4.4,TRUE,NA,2,FALSE,CCGTCC,19913191,17338644,0.87,16483161,0.95,13128539,0.80
sample22,ICR,testis,5.2,TRUE,0,2,FALSE,CGATGT,20497217,18022033,0.88,17176513,0.95,13674487,0.80
sample23,ICR,testis,20.4,TRUE,2,2,FALSE,GCCAAT,20004520,17534583,0.88,16742664,0.95,13343890,0.80
sample24,ICR,testis,20.3.2.1,TRUE,0,2,FALSE,GTGGCC,20871798,18225813,0.87,17384876,0.95,13836418,0.80
sample25,ICR,testis,20.3.5.5,TRUE,1,2,FALSE,GTTTCG,20706098,18126221,0.88,17303028,0.95,13588599,0.79
sample26,ICR,testis,5.4,TRUE,1,2,FALSE,TGACCA,20292521,17840092,0.88,17002435,0.95,13561229,0.80
sample27,ICR,testis,5.3,TRUE,0,2,FALSE,TTAGGC,20374120,17875316,0.88,17054981,0.95,13583264,0.80
sample28,ICR,testis,21.1,FALSE,2,2,TRUE,CAGATC,19740445,17365417,0.88,16584855,0.96,13207581,0.80
sample29,ICR,testis,21.3,FALSE,NA,2,TRUE,ACTTGA,20212199,17783974,0.88,16967517,0.95,13612366,0.80
sample30,ICR,testis,23.2,FALSE,4,2,TRUE,GATCAG,19429902,17092479,0.88,16286504,0.95,12913011,0.79
sample31,ICR,testis,23.4,FALSE,4,2,TRUE,TAGCTT,19493766,17094681,0.88,16307742,0.95,12939782,0.79
sample32,ICR,testis,24.1,FALSE,4,2,TRUE,GGCTAC,20946480,18350206,0.88,17492162,0.95,13908627,0.80
sample33,ICR,testis,24.4,FALSE,4,2,TRUE,CTTGTA,20834517,18253348,0.88,17399681,0.95,13692296,0.79
sample34,ICR,testis,21.3.3,FALSE,1,2,TRUE,GTAGAG,20850438,18252296,0.88,17417186,0.95,13585563,0.78
sample35,ICR,testis,22.2.4,FALSE,3,2,TRUE,GTCCGC,20876699,18158715,0.87,17286766,0.95,13801239,0.80
sample36,ICR,testis,24.1.1,FALSE,NA,2,TRUE,GTGAAA,22769258,19875673,0.87,18968510,0.95,14897326,0.79
sample37,ICR,testis,25.4.3.2,FALSE,0,2,TRUE,CGTACG,21049444,18402585,0.87,17534760,0.95,13922502,0.79
sample38,ICR,testis,22.2.3.5,FALSE,0,2,TRUE,GAGTGG,20233951,17787055,0.88,16942189,0.95,13588140,0.80
sample39,ICR,testis,24.1.5.3,FALSE,1,2,TRUE,GGTAGC,18080527,15805100,0.87,15111253,0.96,11827667,0.78
sample40,BL6,spermatogonia,1,TRUE,0,3,FALSE,ATCACG,24114338,13576153,0.56,10812614,0.80,1536296,0.14
sample41,BL6,spermatogonia,2,TRUE,0,3,FALSE,CGATGT,20032617,10291266,0.51,8014645,0.78,1443508,0.18
sample42,BL6,spermatogonia,3,TRUE,0,3,FALSE,TTAGGC,34430770,19248275,0.56,15845376,0.82,2483122,0.16
sample43,BL6,spermatogonia,4,TRUE,0,3,FALSE,TGACCA,17139618,10580100,0.62,8717650,0.82,2308825,0.26
sample44,CAST,spermatogonia,1,TRUE,0,3,FALSE,ACAGTG,24253158,14774724,0.61,12001688,0.81,2699734,0.22
sample45,CAST,spermatogonia,2,TRUE,0,3,FALSE,GCCAAT,23882026,14988306,0.63,11726719,0.78,2919634,0.25
sample46,CAST,spermatogonia,3,TRUE,0,3,FALSE,CAGATC,28247022,17672036,0.63,14112582,0.80,4112453,0.29
sample47,CAST,spermatogonia,4,TRUE,0,3,FALSE,ACTTGA,22446609,12365339,0.55,8703884,0.70,1499329,0.17
sample48,129,testis,1,TRUE,0,3,FALSE,GATCAG,36004669,29544412,0.82,27898685,0.94,21043344,0.75
sample49,129,testis,2,TRUE,0,3,FALSE,TAGCTT,36897427,29946946,0.81,28137435,0.94,20328957,0.72
sample50,129,testis,3,TRUE,0,3,FALSE,GGCTAC,34721105,28403783,0.82,26846917,0.95,20323658,0.76
sample51,C3H,testis,1,TRUE,0,3,FALSE,CTTGTA,32071404,25983186,0.81,24470675,0.94,18156778,0.74
sample52,C3H,testis,2,TRUE,0,3,FALSE,AGTCAA,39850943,32544579,0.82,30734933,0.94,22869914,0.74
sample53,C3H,testis,3,TRUE,0,3,FALSE,AGTTCC,35368300,28838540,0.82,27170701,0.94,19962680,0.73
sample54,NOD,testis,1,TRUE,0,3,FALSE,ATGTCA,38109071,31298613,0.82,29878563,0.95,22200710,0.74
sample55,NOD,testis,2,TRUE,5,3,FALSE,CCGTCC,34119743,27769585,0.81,26535771,0.96,20158988,0.76
sample56,BL6,testis,6.3.1,TRUE,0,3,FALSE,GTAGAG,39168625,31966332,0.82,30235916,0.95,22696021,0.75
sample57,BL6,testis,6.3.2,TRUE,0,3,FALSE,GTCCGC,36024342,29116163,0.81,27400823,0.94,20214197,0.74
