	sample01	sample02	sample03	sample04	sample05	sample06	sample07	sample08	sample09	sample10	sample11	sample12	sample13	sample14	sample15	sample16	sample17	sample18	sample19	sample20	sample21	sample22	sample23	sample24	sample25	sample26	sample27	sample28	sample29	sample30	sample31	sample32	sample33	sample34	sample35	sample36	sample37	sample38	sample39
piC1	250	169	232	201	203	239	217	185	269	253	187	268	257	241	182	329	363	357	287	373	316	355	290	314	347	340	351	301	359	256	271	427	337	375	340	415	353	328	309
piC2	6451	5013	6424	6306	6911	4262	7170	5904	5104	4147	6578	5823	5605	6966	6238	9252	9724	10950	9038	7577	5294	9935	7777	7660	7168	9071	9431	9163	9164	7679	6645	9535	9639	7432	9616	9778	7437	9519	8130
piC3	599	421	531	546	435	541	564	480	569	515	551	616	571	579	416	763	836	849	827	893	736	838	865	789	770	798	814	751	801	722	705	897	806	846	851	998	893	726	788
piC4	27987	22652	27876	23205	23294	29255	27250	26264	22051	26116	21771	21218	23158	33576	21551	45189	45652	52538	40952	51925	50396	42958	47487	50124	45505	42927	41527	42451	42218	39595	39434	40952	37755	45608	43114	44914	44264	40111	37840
piC5	10002	9870	9295	9941	7774	9636	9289	8955	9930	8880	10567	13273	11595	10243	9636	13280	14303	14635	12132	14834	14097	12712	14086	13654	13397	12981	13302	17832	18852	12701	12901	18058	17610	14178	17161	19628	18367	16110	15404
piC6	62921	47902	58412	50435	48349	58954	57260	56790	47102	58383	51787	57337	54504	66939	48599	73745	78596	82434	68077	83071	69614	76499	76182	74606	74934	75868	74527	77914	75018	70367	71342	79283	76642	73772	76379	81729	71954	73843	63662
piC7	97	94	98	86	82	111	80	107	81	105	100	90	99	118	66	141	128	127	105	136	131	119	142	125	184	132	115	116	115	110	129	121	127	157	152	152	138	93	109
piC8	63	41	42	39	54	53	49	62	39	41	56	40	61	61	53	45	42	39	36	42	34	37	46	43	46	44	35	35	43	39	33	42	33	44	44	44	34	29	22
piC9	153	112	160	145	161	171	123	147	153	137	146	184	218	158	124	196	244	232	185	245	198	211	210	192	205	219	216	172	209	186	181	228	185	245	236	217	225	170	175
piC10	18638	12815	17556	13489	13459	15194	16622	14676	12741	13860	14115	14829	15082	17486	13132	22560	22235	24655	21220	25836	22382	22861	25126	23385	22300	21599	22434	23438	23259	21158	21375	22030	22805	21916	22805	23574	20994	22996	19669
piC11	407	408	417	414	374	504	411	398	465	436	399	512	592	436	397	610	685	674	625	686	593	666	515	590	587	643	580	549	560	550	471	744	597	701	709	853	669	612	575
piC12	179	133	183	156	169	142	164	118	173	141	143	173	185	145	146	195	236	251	222	308	168	241	236	236	204	202	194	198	187	188	173	275	192	259	279	296	254	228	235
piC13	96	53	86	63	62	72	77	74	82	90	91	91	100	99	75	112	146	106	107	104	93	106	93	91	100	133	92	79	103	80	104	123	92	110	103	125	97	122	108
piC14	1069	808	1013	833	966	1017	911	857	983	935	772	953	1062	1035	851	1439	1453	1368	1319	1515	1237	1312	1476	1584	1306	1265	1189	1201	1231	1163	1197	1556	1339	1558	1519	1614	1528	1601	1140
piC15	1714	1433	1645	1370	1635	1958	1610	1723	1547	1748	1638	1823	1641	1776	1658	2036	2027	2366	2258	2390	2153	2267	2216	2395	2013	2025	1942	2090	1944	2155	2108	2142	2047	1993	2144	2215	2276	2262	1756
piC16	1094	1018	1068	851	820	1211	1051	835	916	1027	762	1271	1103	1126	763	1456	1617	1287	1407	1638	1657	1537	1495	1376	1406	1253	1494	1449	1499	1233	1040	1715	1509	1485	1593	1636	1532	1433	1181
piC17	628	526	574	552	609	691	582	482	595	609	494	770	607	561	540	798	887	981	851	870	807	846	807	783	760	708	739	735	739	678	555	871	734	815	876	882	858	828	649
piC18	434	375	477	447	376	451	412	419	432	423	374	540	419	466	439	623	669	703	599	762	637	573	602	630	650	649	620	637	597	576	579	646	611	675	721	777	710	684	595
piC19	2076	1849	1999	1971	1932	2251	1952	2001	1911	2285	1905	2191	2083	2295	1770	2577	3126	2838	2570	2928	2620	2670	2503	2818	2785	2720	2720	2410	2501	2301	2451	3024	2598	2595	2655	3135	2866	2593	2236
piC20	453061	326043	437499	377103	375780	430535	416779	380112	337175	416853	393748	421894	408704	482557	318686	592164	614200	656270	577165	635131	524360	639581	615245	629844	570680	582551	570461	572174	599532	574269	507507	656657	576417	595753	604316	683349	572757	563888	535240
piC21	36	22	15	39	36	36	29	29	45	32	32	46	45	46	41	72	70	60	27	67	61	75	44	50	35	61	67	62	53	63	46	57	37	68	52	90	48	71	61
piC22	28367	19789	24866	20203	20361	22863	25693	23649	19491	21011	20656	25795	24045	24743	20910	22672	25566	27717	26225	28782	26205	23734	26199	24245	24378	24528	24948	27602	25738	24689	22826	24804	26026	25199	25757	21877	26039	26656	19135
piC23	16713	15975	16960	14682	14254	19148	14553	16539	17239	18632	14467	16806	16208	17922	13859	20926	21005	21984	21674	25806	23643	22118	20120	21096	20383	22397	20974	17969	19703	21280	22051	22565	20671	26477	28370	25941	22686	23096	19463
piC24	436	373	414	391	357	418	436	415	366	403	428	465	496	488	354	627	773	693	689	895	693	688	593	735	742	725	664	656	650	615	664	749	675	716	720	816	720	644	593
piC25	8	6	10	6	11	51	5	10	6	6	33	7	8	5	3	5	18	11	8	5	5	22	10	6	7	1	5	4	11	4	4	8	5	9	4	12	9	11	56
piC26	5740	4641	4724	4512	5084	5829	5653	6004	4705	5935	5106	6391	5380	6728	5060	8266	8301	9250	8337	9296	8417	9721	8712	8734	7596	7816	8253	7794	7777	8750	7434	8421	8169	9001	7217	7390	7912	8084	6839
piC27	1863	962	1641	966	1360	1293	1479	1518	1162	1207	1444	1117	1142	1666	1232	1978	2463	2397	1919	1870	1635	1679	2246	1859	2034	2101	1652	2347	2253	1822	1542	2006	1877	2105	1829	2147	1883	2236	1553
piC28	32783	25996	31486	27006	27581	32639	30642	29215	25459	31070	27378	30936	30612	34018	24749	39727	43877	43873	40140	45242	39981	43898	40278	42107	42529	41733	41306	38811	40533	37516	37068	43099	40106	39273	40810	45466	42007	39641	36940
piC29	4	1	28	5	28	4	26	20	16	26	24	41	1	29	24	27	33	44	26	30	3	30	3	5	6	6	31	5	4	22	32	24	34	2	34	26	3	5	31
piC30	274	289	307	278	246	305	269	239	297	318	244	332	348	302	223	403	490	468	381	516	398	414	409	408	397	396	430	396	336	359	328	509	398	406	384	526	409	405	356
piC31	27912	20358	25153	20271	21803	25595	25044	27479	20324	24202	22333	25146	24626	28194	20124	30513	33783	35126	30836	34111	31555	33224	32540	30411	33445	30430	32038	31861	32432	32200	30194	32349	32625	32756	29344	32559	32583	30798	27616
piC32	175	145	164	162	154	189	139	106	127	142	134	160	156	183	135	184	207	221	177	242	212	219	187	215	200	235	191	196	194	167	154	216	166	215	247	243	248	214	176
piC33	103	67	83	85	78	93	105	112	78	106	85	96	111	99	77	110	95	108	105	81	115	104	103	86	115	98	107	108	116	107	98	103	107	127	120	127	112	88	77
piC34	181	157	157	155	156	186	191	146	145	145	148	143	223	137	131	168	146	188	138	188	136	200	144	156	124	230	175	133	181	148	138	204	174	217	154	201	162	167	147
piC35	43835	33186	42565	35884	35048	40852	41964	37998	35497	40023	38447	41806	39715	41366	31990	56946	62009	59708	57704	65467	54425	53969	55822	59254	58115	63759	54533	60593	59119	57167	53272	55507	61037	55095	65226	65811	55862	60824	48138
piC36	44	50	31	37	49	54	39	47	43	43	42	47	99	43	42	60	52	67	41	79	70	91	55	48	55	54	66	61	61	58	49	71	51	98	66	93	58	68	58
piC37	11642	8027	10236	8416	9300	10212	10400	10119	8337	9187	9190	10405	9632	11292	8295	11847	13416	13444	11884	13824	12314	12469	13359	12610	12818	11918	12356	13555	13077	12836	12539	13308	13630	12789	12595	13374	12911	12695	11283
piC38	2487	1809	2259	1978	1926	2215	2403	2134	2053	2167	2123	2366	2130	2434	1876	2631	2822	3064	2669	3080	2758	2651	2740	2930	2643	2637	2611	2974	2913	2572	2566	2817	2926	2689	2831	2934	2844	2755	2345
piC39	192301	142080	186662	134939	166380	206078	179891	161553	160885	163342	145864	197620	180435	184631	157971	251745	228779	278896	241258	232166	221163	267308	238946	253072	213028	247865	245639	237713	244343	219501	227316	252110	246160	252033	264764	262139	249298	263492	210590
piC40	67	70	52	68	35	79	39	44	49	57	67	56	91	65	42	73	81	67	58	91	67	98	61	59	61	78	70	57	73	69	48	91	63	86	82	101	57	54	76
piC41	353	216	280	268	264	350	336	321	334	336	286	369	367	332	285	427	440	439	433	503	385	431	392	400	413	400	430	405	382	398	356	479	386	425	449	531	382	467	384
piC42	23756	17610	22893	18627	19879	22396	22118	22138	17075	20592	19492	19908	20017	24522	19130	29477	30424	33436	27518	32448	29398	30029	30979	31027	30653	29342	28243	31648	32512	29926	29453	30455	31419	30126	29427	33533	30650	30275	26461
piC43	4333	2975	3856	3483	3514	3909	3890	4413	3449	3909	3965	3852	3871	4775	4039	4824	5760	5822	4946	6255	4915	5143	5415	5360	5268	4996	4656	5839	5351	5854	5553	5769	5644	5102	5323	5886	5103	5746	4915
piC44	42	56	42	43	48	50	52	30	54	50	35	62	72	37	33	70	79	80	54	67	70	74	68	63	65	52	52	79	65	69	37	87	48	93	85	97	84	79	61
piC45	68	52	39	45	52	85	47	55	42	57	59	66	106	56	42	74	66	80	62	75	60	93	70	53	72	76	68	57	80	70	46	92	56	97	62	91	83	80	63
piC46	25616	18930	23568	20826	19802	22639	24294	21855	19940	21498	20527	23438	23118	25760	19057	33423	34588	36136	31999	38238	33089	34557	35788	34090	33504	32295	33678	36160	35820	31201	30038	34448	33727	33410	33074	34603	33397	34196	29260
piC47	70	66	76	76	93	86	57	55	80	72	63	73	104	88	44	96	111	95	102	121	116	98	96	110	90	102	107	76	101	89	80	125	76	132	115	133	117	80	88
piC48	118	81	85	101	96	117	84	95	84	95	110	96	124	106	93	122	133	141	118	154	160	121	136	129	120	156	150	147	139	127	127	118	130	153	146	171	148	126	156
piC49	132	102	83	100	90	137	97	87	116	88	90	115	140	111	93	168	168	153	105	152	115	178	111	116	123	131	133	99	110	103	78	142	100	176	125	201	132	142	127
piC50	11794	9338	10184	8601	8736	9538	11428	10591	8554	10500	10394	10934	10275	11633	9374	10986	14521	15655	13483	15222	15078	12189	14004	12742	11573	13369	12912	14264	13861	12982	11642	13444	13894	14985	15164	12213	15773	14808	11009
piC51	152212	120331	151092	136442	132037	165381	159318	153390	131780	150198	132530	144531	156363	178378	107940	213570	217436	232216	209140	216179	207585	228189	199525	217194	225299	215796	218535	210336	237365	220506	212704	213574	227454	220856	204662	249094	224441	210823	190713
piC52	96435	76927	93290	79696	76724	96117	91526	87694	74554	83849	78509	86436	86462	102405	71794	130219	140382	142149	119324	141011	134993	134053	130353	134035	132387	129727	132086	134516	143978	126069	126100	134769	139047	139867	136542	147844	137729	137605	119354
piC53	20	17	19	17	15	20	18	13	17	16	18	26	32	21	15	23	23	32	14	23	27	31	20	16	20	27	21	17	26	24	18	28	18	36	28	33	23	21	26
piC54	70282	57549	64082	58058	56780	70921	63999	64159	56623	57502	56182	65125	63857	71092	54821	95076	95674	101214	90876	100162	97073	97835	95824	102300	97441	87383	89839	95823	106069	90716	94406	96288	96244	100099	101257	106651	100862	100807	88109
piC55	788	561	753	737	614	715	831	623	666	685	692	778	723	698	634	975	1108	1136	1063	1198	1038	959	1014	1053	921	1042	1005	1132	1068	863	861	1085	1074	1071	1205	1215	1090	1060	911
piC56	3301	2564	3143	2680	2570	3100	3146	2988	2571	2943	2768	3092	3159	3472	2389	3474	3808	4241	3659	4282	3719	3736	3560	3687	3854	4076	3737	3711	3980	3529	3767	3711	3777	3783	3838	3845	3578	3676	3365
piC57	13368	9536	12733	10533	10401	12662	12195	11756	9883	10564	10571	11227	12052	13612	9956	15774	17198	17760	15623	18401	16314	17265	17132	17037	16900	17301	16568	17079	17548	16617	16593	17079	17022	17103	17015	18800	17501	16679	15655
piC58	3914	3090	3127	2996	2769	3529	3441	3578	2890	3481	3332	3448	3176	4128	2745	4820	5013	4854	4510	5456	5261	4804	4921	4448	4868	5133	5157	5449	5300	4859	5067	5305	5691	4573	5579	5120	4993	4709	4396
piC59	89	62	81	72	66	87	71	53	61	55	62	64	99	73	62	106	132	113	94	124	92	101	80	85	99	114	114	102	100	86	80	131	100	126	109	142	107	106	97
piC60	14503	10543	12386	11064	12070	13687	13417	13784	10624	12402	11626	13371	13173	15148	10962	18774	19676	21113	19023	20224	18405	19331	21072	20658	18934	17919	18687	21180	20035	19104	19634	19647	20924	19282	18666	20218	20177	18810	17022
piC61	277526	218959	280417	231123	247613	282459	268148	258039	238118	255846	241735	285681	246609	285831	228334	403393	419999	446709	377680	423351	359114	400943	383119	409531	368090	397384	393360	374131	384142	361333	350120	392464	400710	374132	412770	437321	392131	395473	345233
piC62	70054	53992	67095	57982	59215	69767	66165	61528	53516	63009	56673	62235	64982	71925	53154	76762	80654	87789	73568	83703	79666	77370	78387	78575	78148	77604	75369	78344	79184	73914	75732	78375	81245	77750	77254	84433	85945	79621	71599
piC63	34	36	35	25	24	57	34	26	37	44	30	41	46	39	23	50	44	62	37	57	59	73	49	39	42	46	38	34	36	60	29	58	39	90	49	88	44	56	64
piC64	1179	839	990	878	988	1135	1106	1078	1000	954	921	1154	1035	1080	873	1341	1392	1764	1568	1635	1373	1502	1532	1448	1451	1415	1361	1500	1545	1330	1593	1485	1491	1447	1626	1382	1576	1460	1285
piC65	48083	35588	44153	39613	41787	46946	46611	45271	37339	44136	42012	43139	44371	54330	36300	61160	66858	72387	61127	70438	59308	67733	65452	67399	65019	61572	62658	65260	69540	63299	60626	67311	64776	62941	65999	71621	64198	63052	60595
piC66	46	43	33	31	32	77	30	40	48	42	49	37	41	47	27	65	42	56	32	60	61	71	32	39	43	46	59	41	53	34	39	59	38	84	70	67	59	50	58
piC67	10593	9474	11723	10624	9638	11386	11755	11172	8647	10149	10909	11671	11302	11560	10492	15832	19389	17906	17710	21954	19111	18938	19720	20692	18733	18887	15542	20231	16818	18331	18418	15451	15490	18832	16727	20189	20412	17761	17900
piC68	30242	20686	28139	24641	22162	25890	27062	24808	24014	22885	25486	28087	25725	29705	22971	36035	37974	38815	34226	41875	32264	39079	36618	38814	35094	36059	36404	37026	34613	33397	33824	41198	36275	32725	39802	41345	35963	38508	34088
piC69	995	710	907	752	537	764	839	602	576	629	635	702	695	767	604	1207	1213	1349	1096	1540	1215	1095	1150	1182	1115	1209	1246	1115	1196	994	1032	1244	1026	1031	1288	1108	1279	1162	1042
piC70	5379	4473	5176	4968	4551	5680	5110	5444	5164	5662	5302	6280	5140	5851	4733	8735	9662	9183	8715	9821	8089	8868	8424	8944	8730	9477	9091	7941	8691	8309	8591	9616	8661	8460	9738	10094	9505	8948	8048
piC71	301	244	308	249	224	279	297	302	264	235	269	347	299	247	209	400	398	378	402	434	435	389	405	389	394	445	371	361	403	306	365	383	410	415	473	384	398	440	266
piC72	710	514	752	623	560	744	673	522	577	560	583	686	607	651	531	782	800	944	848	925	820	842	952	892	821	809	800	867	816	801	764	912	874	873	898	1016	926	767	714
piC73	86788	68000	83672	73182	68962	82015	79268	77326	68984	78574	73685	80441	75634	92138	69198	112026	121689	121353	99984	120548	106540	103972	109295	109346	111233	113305	110815	108000	110358	105400	104861	111125	112369	111262	111741	121426	116697	110725	96756
piC74	282689	221838	270612	228546	225737	278634	257299	261125	225583	253187	238327	271399	247139	306183	216502	376644	400475	413870	332060	386370	350249	360313	361718	371925	369348	369399	371092	360141	369992	350075	350180	372968	378097	373403	379607	415161	364396	349956	324349
piC75	36843	31428	36557	33337	31429	39203	36240	35829	32228	37447	33789	37698	34366	42092	32034	49361	53860	55932	45454	54779	49620	45882	48222	48216	47652	51442	47938	50731	50288	44637	47133	50924	50333	47803	50678	53814	52388	48952	43260
piC76	22515	16653	20654	16561	18228	18717	21801	21494	19618	17606	20081	22311	21643	26080	17370	19239	25235	27483	27667	31993	25834	18984	25462	28643	24501	23465	23401	31249	25508	27995	25453	25713	25690	29617	31357	21806	30804	28598	21688
piC77	10872	9063	10505	9622	8725	10891	10366	8913	7902	9583	8517	9580	9695	11299	7981	10603	11817	12018	10100	11447	11569	11168	10671	10601	10968	11075	11235	10995	10913	10082	9620	11421	10889	10869	11524	11399	11512	10311	9032
piC78	27399	24426	28668	22726	26073	30242	27950	27563	23710	27926	24993	30283	26942	29327	25592	31857	37863	34746	34430	33901	32550	33216	33354	35920	35187	33661	35931	32034	31397	30977	28037	37193	34500	32487	37821	41370	38733	28773	31570
piC79	89	67	52	75	59	81	55	48	56	62	51	66	118	69	73	156	107	135	75	140	154	150	99	93	89	140	111	100	116	104	79	161	102	207	140	203	148	122	155
piC80	98247	86314	100745	86813	87042	107759	93860	93966	87219	98706	89855	101780	95348	105802	85228	140443	140842	150984	126145	141671	133633	142090	127567	140233	125154	142909	140070	119897	129869	125241	117909	135481	131591	139893	137598	151248	141107	132747	116924
piC81	198682	166068	193106	165347	176574	212719	185215	186735	162586	194820	171472	197829	183243	216461	162807	270447	277266	293715	242396	269885	263570	266803	255102	266886	259414	259597	264030	250008	254352	249194	237432	266968	264545	263122	264306	283398	281836	263812	224541
piC82	12950	9888	11347	10701	10945	12770	12402	11823	10218	12087	10413	11669	12096	13828	9387	15339	17136	16720	15072	16311	14117	16277	15076	15376	16875	15723	15516	15277	16351	14277	15904	16239	17532	17517	14320	18253	16302	14347	14378
piC83	191284	156635	193156	168543	160146	190185	179653	181434	164497	183348	169549	193681	173319	209510	165632	270901	267794	294742	251572	280021	250141	265171	256639	260816	249489	267035	265159	250532	252094	246452	244391	261449	260267	256123	270979	297701	267884	266564	230956
piC84	372635	301916	360567	316922	312480	374992	352428	345600	305238	337347	305773	360338	334208	398571	296579	509620	518592	545751	462055	504865	475489	503014	488904	505215	477800	488174	509648	470750	505592	453621	459344	488468	506438	489374	490612	536735	508502	493264	421069
piC85	158092	119497	146815	128244	128414	153700	147121	139180	123486	135721	127472	145736	141166	157004	116438	180598	192162	196059	169355	188073	173874	181592	176306	182539	175180	175112	186844	169812	183849	172517	166690	186481	189600	185281	174407	196676	182187	175431	153076
piC86	246	201	202	199	162	246	180	166	178	192	168	210	286	200	167	219	244	258	266	274	278	311	223	234	208	261	289	262	237	218	174	311	270	312	254	331	286	283	216
piC87	622	485	524	560	542	611	595	610	611	597	528	647	610	633	531	770	829	855	880	924	734	888	793	816	814	833	842	772	809	752	720	853	789	809	816	1001	850	824	678
piC88	43703	34025	40292	36544	35028	43931	38903	37954	34618	37879	35337	40632	40298	43542	33241	52810	58142	60047	51188	57667	59643	54276	54523	55473	53951	55944	51749	53300	58645	51884	49776	52452	53075	55428	59782	57641	63094	56135	48382
piC89	1037	461	992	626	763	608	993	964	767	904	796	737	855	1168	726	1288	1475	1530	1077	1660	772	1531	1219	1356	1290	1175	1329	1226	1366	1236	1216	1311	1316	990	1285	1344	879	944	1125
piC90	1029	717	988	771	651	813	940	701	714	622	738	845	789	854	747	1008	1044	1227	1030	1388	1247	1081	1244	1365	1021	1132	1085	1311	1227	974	1065	1230	1170	1069	1218	1174	1197	1071	997
piC91	1222	925	1213	998	1022	1206	1108	1261	969	1191	1159	1122	1160	1434	998	1339	1589	1607	1481	1737	1509	1542	1454	1378	1523	1678	1472	1362	1437	1440	1575	1607	1467	1530	1639	1669	1521	1395	1373
piC92	12486	13677	13159	14565	15587	18092	11600	14558	12200	14311	13103	10865	14052	13421	9341	22792	21214	21107	22563	31856	24098	21066	19744	29090	20088	22709	23019	20317	20247	23592	23238	29748	25370	24659	23255	27000	25662	23331	17928
piC93	5909	4164	5028	4339	4926	5355	5407	5553	4663	5317	4651	5197	5295	5906	4476	8538	9157	9698	8012	9769	8639	7878	9631	8659	8506	8153	8630	9482	9361	8232	7957	8862	9190	8259	8159	9085	8856	8577	7126
piC94	4562	3464	4142	3620	3833	4498	4597	4549	3747	4408	3853	4150	4219	4872	4006	5480	6453	7226	6048	7275	7338	5347	6431	6927	6904	6049	5213	6766	7290	6558	7152	5985	6350	6933	6880	6966	7181	7205	6550
piC95	736	643	759	659	697	769	803	604	731	809	709	784	741	700	681	1087	1144	1348	1172	1355	1085	1137	1091	1002	878	1171	1158	965	899	756	721	1167	1054	1080	1084	1123	1200	1005	819
piC96	17	18	16	21	12	41	16	14	21	22	9	22	15	20	11	24	18	29	19	21	17	21	14	17	9	16	29	8	12	17	12	10	24	10	23	13	27	15	17
piC97	78622	60878	70626	62859	65949	78609	77261	69686	59328	67983	63651	71656	72668	84064	59289	91992	104823	107854	92659	109833	105430	97616	102677	107318	100300	93434	91230	106451	103858	96837	94326	108674	106401	107001	104605	112711	108979	100472	90686
piC98	33553	26080	28828	23672	25019	34256	30479	32786	23451	25863	26997	27650	29262	34219	22709	37573	40039	45407	36231	44392	40029	34950	36588	34503	36954	36676	35108	35403	38255	37872	36165	40112	37014	39018	33429	41579	39701	35989	30967
piC99	237	162	218	206	193	276	166	243	313	216	238	277	339	236	246	420	439	419	459	432	235	420	350	373	319	375	399	369	353	307	263	368	301	371	445	440	332	423	349
piC100	499	445	469	428	440	512	456	417	399	444	424	396	506	507	377	636	698	703	660	706	669	655	714	660	605	652	661	627	671	587	558	714	628	663	638	756	674	640	637
piC101	24671	21768	23872	21217	20460	25453	20823	25047	21225	21943	22635	23025	23021	28249	19791	34146	37042	33286	30653	33745	33480	34573	32704	31520	33492	34550	33915	30384	33149	35076	35168	33489	34919	31504	35583	38665	34029	31280	29710
piC102	4086	3259	4049	3423	3421	3899	4025	3474	3323	3670	3476	3937	3632	3905	3166	5074	6151	6242	5357	6735	6141	5190	5761	5603	5586	5763	5741	5576	5791	5013	5099	5881	5887	5776	5922	5908	6674	5400	5018
piC103	5552	4451	5283	4645	4649	5465	5179	4924	4614	5024	4675	4889	4965	5841	4291	6876	7845	7665	6851	7593	6831	7084	6923	7375	7309	7139	6741	7292	7424	6628	6778	7508	7196	7475	7181	8448	7211	7119	6573
piC104	64	30	60	38	45	62	55	43	61	52	46	75	63	65	49	72	74	68	67	84	61	62	74	65	67	67	72	71	58	67	58	95	65	88	71	94	60	76	66
piC105	375	291	345	329	336	274	372	276	260	325	311	320	324	362	281	440	545	576	451	681	402	456	464	455	455	566	440	472	468	397	363	447	537	441	354	505	443	415	457
piC106	1875	1536	1764	1502	1653	2067	1798	1854	1720	1692	1766	1910	1786	2007	1657	2710	2710	3081	2601	2841	2646	2618	2663	2643	2578	2601	2723	2500	2825	2640	2564	2859	2720	2633	2719	3124	2833	2622	2381
piC107	89	60	99	75	103	92	97	87	80	99	112	116	120	110	82	179	168	210	146	136	144	151	168	145	138	121	178	140	112	109	128	184	170	159	129	235	128	145	158
piC108	13771	11697	13196	11543	11150	14398	12621	12477	11263	12764	11330	13557	12487	14334	10478	15846	17050	17122	14372	16616	15761	16083	15771	15735	15056	15485	15825	15499	15296	14502	14496	16285	16142	15078	15891	16928	16027	15329	12851
piC109	71	58	67	64	63	74	63	42	48	50	59	73	57	75	56	100	89	101	91	108	93	104	83	81	105	101	90	89	91	74	78	95	85	120	86	127	95	87	79
piC110	6778	5187	6600	5106	5611	6877	5984	6837	4895	6478	5679	5874	6292	7726	4857	7718	8112	7745	7341	8301	7695	8391	7890	7481	8178	8090	8147	7481	7808	7769	7836	8009	7358	7474	7451	8301	7766	7665	6487
piC111	290247	240346	287626	242288	245811	298642	274534	274773	247894	268276	259039	285820	265828	309257	251117	426219	441604	463692	381377	417651	392155	418983	407041	388234	378381	406993	414220	402204	410060	390281	354865	414817	408508	397259	395135	456148	409210	423072	362911
piC112	13268	10970	13508	12047	11694	13815	12566	12713	12017	13739	11823	14214	13172	15517	11565	18713	18227	19191	17589	19919	16785	18622	16412	18927	19276	18444	18034	15728	17585	16292	17220	18846	16728	18442	19548	22100	18380	18373	16137
piC113	14	13	11	13	11	11	11	14	16	12	14	12	12	13	6	22	19	10	13	13	10	16	10	17	14	14	12	10	8	7	13	20	15	15	6	14	18	14	15
piC114	418622	324183	406632	338260	347137	413668	394225	388907	341234	378790	359072	401437	379991	430020	334477	556014	597310	599664	518237	581360	538947	553141	544955	563751	532219	545295	547023	540863	552209	532368	512695	568660	558105	555114	567213	611575	581493	576202	486916
piC115	108797	92515	106679	93171	95609	115670	103936	103659	97296	107356	97665	109674	106255	120845	88729	154184	163959	164807	140256	158528	147658	155524	147895	155898	149353	148830	152567	142802	147978	144031	137320	158531	149836	155285	155969	171195	162263	158966	133485
piC116	143	82	144	127	109	143	122	116	143	140	123	141	160	149	112	194	211	181	196	233	155	195	186	160	193	207	210	178	183	166	156	222	177	250	205	273	169	222	192
piC117	1014	603	891	771	626	682	844	618	580	592	691	842	778	782	692	993	1061	1294	1202	1471	1216	1134	1275	1331	1064	1116	1090	1326	1305	1002	1059	1212	1075	1115	1238	1147	1154	1079	1085
piC118	91	79	53	72	81	84	62	57	77	73	50	59	123	73	45	107	123	127	88	108	92	178	101	77	72	101	101	78	76	81	72	105	73	124	123	151	102	129	115
piC119	91	76	102	74	78	108	87	65	88	109	100	110	122	91	74	157	195	140	115	181	140	153	123	135	145	163	145	139	133	104	104	165	127	192	172	181	167	153	140
piC120	70	32	55	40	38	54	41	42	46	51	30	65	61	44	30	52	68	58	57	50	46	46	43	61	56	61	58	59	64	51	35	44	43	52	50	65	55	47	42
piC121	2001	1168	1719	1310	1498	1586	1780	1459	1464	1738	1668	1778	1598	1726	1488	2600	2395	2623	2387	2794	2245	2601	2583	2644	2336	2238	2425	2648	2697	2297	2298	2828	2682	2628	2779	2942	2251	2459	2096
piC122	35864	32907	33483	30848	32733	41743	37182	35310	31640	35180	30401	38244	36173	40991	31749	42461	44655	48095	41431	43660	44552	48229	42888	39728	42825	42301	44013	40680	43762	43528	41579	47690	44900	45251	45883	47276	44859	47671	38252
piC123	1284	847	1078	976	939	1151	1167	1227	986	1103	1131	1358	1167	1338	1076	1286	1328	1488	1311	1616	1298	1499	1568	1415	1475	1309	1417	1595	1441	1456	1369	1611	1493	1418	1380	1440	1332	1427	1181
piC124	67	80	40	67	58	81	47	53	60	58	49	38	113	78	49	106	116	96	76	98	98	115	76	60	60	120	82	64	97	70	55	157	68	112	96	154	105	78	105
piC125	2855	2272	2780	2483	2167	2675	2486	2141	2087	2271	2259	2474	2279	2535	2066	3062	3289	3449	3049	3797	3447	3189	3185	3818	3039	2929	3040	3537	3201	2836	2728	3375	3115	3010	3213	3812	3161	2951	2614
piC126	82680	61821	84869	73259	66978	76147	77932	72557	68583	75166	72894	76026	70732	80580	65881	120011	123317	121399	109789	137280	106294	118347	111546	129236	116407	121892	120387	118347	120388	106897	107702	121819	119396	114492	121878	144547	114216	118483	104426
piC127	103419	73861	91742	78787	82585	97892	97969	96041	77553	86452	81450	91999	88953	105023	72502	109566	117542	122128	106098	120007	103201	114817	110476	117347	112469	108048	109849	109929	112501	110219	114465	110715	115957	114261	114891	119279	108845	108525	98980
piC128	1279	941	1157	1097	1033	1259	1295	1020	1103	1133	1255	1196	1213	1089	882	1639	1637	1636	1629	1982	1468	1678	1601	1617	1528	1687	1715	1497	1554	1459	1436	1623	1671	1741	1435	1906	1655	1459	1384
piC129	2526	1826	2138	1864	1863	2142	2235	2424	1891	2001	1953	2300	2149	2557	1732	2572	2820	2510	2538	2656	2622	2679	2800	2603	2713	2659	2698	2477	2648	2668	2519	2541	2710	2948	2329	2844	2611	2520	2249
piC130	183473	140210	170613	146484	147855	182157	172884	161754	140665	159295	154323	167196	164778	182734	133776	248690	277867	276149	242697	274633	256665	256800	249782	261130	249196	257319	250838	252471	270868	253569	246696	262023	270403	273760	271422	286602	266817	259951	241298
piC131	955	595	887	840	646	897	980	575	894	722	824	1098	830	851	679	1399	1613	1735	1216	1818	1568	1528	1628	1847	1336	1451	1415	1827	1551	1314	975	1923	1624	1750	2047	1902	1767	1653	1528
piC132	178	156	159	134	181	173	165	155	174	162	144	172	260	174	103	223	270	201	213	257	264	249	154	198	170	196	221	184	195	249	184	278	198	222	220	262	289	220	248
piC133	601	489	360	427	458	578	459	450	648	375	676	847	538	608	390	520	1184	703	589	957	748	604	443	1099	419	678	574	558	1100	766	614	625	721	640	1249	738	452	935	889
piC134	43244	27703	34551	29187	34797	40200	34941	39636	32960	32664	36272	37460	38125	37885	27549	44039	54905	46341	41120	54406	42159	46262	43300	51555	45146	43072	45995	43966	52583	50091	49776	44840	45581	46060	48417	48862	43372	44252	44166
piC135	20461	17916	20534	17891	15824	19896	19585	17239	14244	18348	15663	18087	16737	23177	16280	30372	26337	28240	26304	24561	27190	29525	27693	25095	29380	29646	30114	28694	24081	22746	23008	28480	29130	28583	22952	30955	27110	26773	19567
piC136	25287	19269	21895	20369	18614	25627	21705	22447	18146	20081	18734	23991	20745	26211	16426	33283	33576	31229	31372	32454	29442	38492	29948	35140	33539	33848	32666	31870	32035	30225	32230	30370	32248	33787	30739	33258	26995	28007	27445
piC137	5861	4390	5083	4750	4099	5454	5091	4693	4379	4813	4648	5629	4982	5736	4103	5706	6561	7056	5791	6590	6114	6303	6303	5633	6033	5908	6271	5855	5799	5883	5265	6384	6189	6175	6388	6669	6286	5916	5074
piC138	69	84	70	78	71	88	69	53	60	58	84	67	96	96	66	86	95	106	73	99	109	83	99	69	77	86	78	99	90	83	72	105	88	112	75	120	99	78	80
piC139	67669	52356	62894	50272	53722	68279	61320	66579	51683	59284	55686	58550	59671	72783	53648	78682	89251	92564	81541	89510	90814	84151	88240	87749	86943	82883	79556	85328	88118	84503	88009	82869	86959	86682	88340	92823	95494	88276	81640
piC140	2396	1724	2167	1899	2101	2234	2282	1979	1742	2319	2007	2270	2339	2393	1709	2596	2870	2886	2753	3098	2886	2745	2610	2534	2959	2981	2537	2539	2572	2358	2665	2788	3024	2850	2761	3055	2933	2755	2565
piC141	3959	2093	2503	2312	2157	2466	2343	4340	2159	2494	2088	2195	2615	4321	2246	2940	2710	3116	4701	6226	3141	5129	3035	3154	2934	5955	4490	2711	3040	5860	4549	3513	3179	3555	2824	3862	3197	3163	2597
piC142	279	208	277	271	268	273	246	232	268	253	248	265	325	272	251	396	412	415	392	510	359	389	397	422	393	361	371	390	363	314	349	417	358	418	408	437	429	413	393
piC143	50	32	48	38	45	45	42	45	39	45	32	45	48	46	43	71	78	72	71	70	57	61	75	76	62	70	60	60	74	59	68	63	64	94	78	66	64	69	64
piC144	935	850	1027	896	744	1036	929	900	782	918	718	828	906	1152	738	1490	1576	1575	1318	1546	1393	1515	1264	1239	1277	1618	1649	1326	1564	1293	1385	1307	1365	1271	1271	1424	1394	1238	1072
piC145	271	252	178	298	261	301	186	216	271	284	292	316	300	325	233	512	428	510	332	232	365	355	365	318	441	228	405	316	301	340	323	490	291	428	463	644	485	431	464
piC146	4095	2989	4112	3294	3640	3958	4095	4115	3664	3912	3585	3956	3621	4355	3907	5299	5345	5659	5521	5599	4605	5713	5147	5119	4725	5166	5101	5377	5181	4991	4939	4705	5394	5010	5247	5437	4919	5465	3965
piC147	44	37	51	47	45	47	30	44	58	33	44	34	89	50	38	61	75	82	49	65	55	78	52	76	45	48	55	71	61	60	52	53	56	100	67	102	74	59	42
piC148	374	240	356	315	263	299	341	270	281	276	284	370	327	306	264	425	512	525	448	519	451	403	344	480	392	468	422	406	404	382	371	494	421	504	527	528	456	443	369
piC149	33	50	25	34	44	29	33	30	26	32	15	25	57	36	14	41	32	53	45	48	44	56	21	30	33	74	47	45	59	43	31	55	34	56	57	68	33	22	39
piC150	96	85	89	75	88	106	82	90	96	83	88	91	97	108	90	137	143	130	93	129	117	130	100	97	110	103	139	111	109	119	90	141	119	163	113	169	119	123	106
piC151	2757	2216	2711	2302	2292	2517	2629	2772	2260	2794	2352	2777	2318	2889	2598	4177	4477	4604	3967	4555	3858	4266	4308	3971	4277	4148	4177	4096	4085	3718	3810	3932	3866	4278	4103	4155	4211	4270	3274
piC152	119138	91947	107068	94668	89409	111533	108890	110412	92717	103374	100867	108117	101762	125801	85601	196005	203883	199644	167672	203436	179192	191076	183929	191008	185646	194698	192115	187780	198664	183576	186249	178433	191721	185446	182019	194794	182698	185182	168774
piC153	751	588	809	791	667	825	680	616	763	777	656	843	767	800	736	1135	1325	1251	1203	1207	1098	1241	1083	1110	1118	1115	1081	1045	1147	949	986	1275	1093	1187	1327	1348	1108	1199	1032
piC154	12143	9799	11070	10001	10280	12675	11260	10940	9298	10808	10130	10985	11349	13403	8947	14072	16102	16343	13599	15905	15386	14650	14459	14936	15506	14385	14234	14765	14930	14455	14405	15255	15231	15178	15645	16472	15725	14739	12951
piC155	2164	1535	2058	1645	2319	2076	1994	1931	1998	2363	1741	2477	2237	1934	2572	2615	2995	3605	2767	3443	2487	3414	2781	3248	2928	3128	2663	2693	3163	3027	2397	2812	2880	3776	3662	3002	2746	2649	2271
piC156	64	45	48	48	47	65	44	41	47	63	45	55	98	60	46	83	72	108	71	95	75	119	63	63	64	111	80	63	102	68	59	92	80	108	84	129	87	95	90
piC157	98	109	106	102	97	129	70	75	97	91	81	101	114	83	87	147	213	157	150	224	167	147	148	174	178	149	133	155	151	124	135	199	134	199	160	184	205	160	126
piC158	87	54	60	72	65	100	62	62	83	75	78	75	111	81	74	118	124	98	88	94	107	115	112	45	83	97	103	101	100	76	59	122	103	131	97	155	96	128	91
piC159	259386	221267	256716	217730	222455	282803	241755	244786	221166	252704	223305	259974	242804	278981	216740	357141	375125	395225	332194	365750	353215	363471	342723	358026	340318	354259	350956	330625	347952	345959	329056	362034	348641	362969	368028	393434	374996	369052	313463
piC160	99236	83675	100526	84242	85313	105054	92057	93918	88094	99969	87577	104721	94204	110093	84804	136374	146253	152189	124434	145051	133455	135137	136510	139098	131432	132436	134346	129214	128357	129082	120026	146326	132760	132171	146150	152053	148817	145734	119788
piC161	8273	5194	6904	5621	6050	7236	7552	7790	5423	7139	6306	7122	7210	8287	6556	7557	8334	8985	8075	8986	7771	9207	9603	7839	8766	7872	8891	8695	8553	7911	8031	9277	8914	8203	7556	8500	7562	8551	5873
piC162	82	52	47	52	59	79	63	50	52	62	52	57	69	68	44	60	75	105	73	96	93	99	81	80	76	70	77	81	84	77	59	104	71	83	104	76	82	92	89
piC163	4696	2977	4055	3135	3679	3994	4629	3851	3102	3492	3633	3850	3858	4848	3192	4262	5040	5672	4573	5524	4937	4244	4920	4452	4891	4680	4485	5185	5465	4443	4778	4890	5487	4396	5297	5342	3924	4774	3966
piC164	525	453	523	434	808	583	941	472	494	997	830	1053	501	996	523	608	1219	1402	664	1350	1285	587	40	30	659	683	624	594	609	39	31	1354	1206	48	720	1386	47	645	36
piC165	1730	1416	1511	1320	1418	1643	1625	1533	1393	1445	1389	1704	1502	1711	1217	1779	2017	2103	1820	1923	1908	1947	1869	1930	1729	1863	1923	1789	1818	1764	1759	1928	1911	1905	2055	1874	1863	1617	1663
piC166	1567	1305	1399	1403	1160	1415	1466	1648	1292	1339	1443	1485	1362	1666	1154	2003	2182	2084	1927	2375	2138	2195	2263	1966	2106	1973	2149	2195	2160	2267	2031	2164	2159	2154	1851	2044	1971	1971	1673
piC167	6786	5716	6504	5737	5156	7314	6361	6796	5193	5885	5750	6099	6278	7562	5623	7672	7973	8670	7640	8329	8509	7576	8397	8357	8564	7871	7552	8174	8821	8495	8509	8391	8456	8516	8240	8695	8852	8376	7332
piC168	8982	8073	9603	8188	6708	9727	9352	8498	6851	8759	7840	8271	8478	9535	7856	11506	12003	12975	11330	14022	13560	13679	12913	12278	12405	11725	11611	12862	13094	12535	11368	13002	13224	12319	11332	12776	13798	13493	10091
piC169	8195	8718	9780	9439	9399	10528	7677	9958	9015	8427	8508	10387	8828	11782	6610	12556	13841	13693	11059	16079	15200	12951	12330	13148	12576	12829	11602	10857	10731	13930	11951	14640	14449	13465	15925	15231	15191	12401	12628
piC170	23917	18944	23629	22247	21369	24213	23062	23989	22960	23175	21305	24282	24598	29620	18996	32030	34346	34457	33247	41309	33737	33238	34955	38171	38750	34599	32140	35044	37841	33418	37990	35270	34631	36297	38760	37678	39063	37182	31950
piC171	256	160	242	195	211	216	227	177	183	198	210	251	211	196	154	292	343	309	291	318	275	285	284	313	282	319	322	296	301	282	265	326	296	303	330	345	311	274	291
piC172	95	70	81	80	89	116	89	96	108	85	73	105	123	91	83	133	153	134	113	157	135	138	120	145	123	130	121	116	142	119	117	137	115	187	133	192	141	143	132
piC173	35132	33107	37342	32560	35881	38153	41852	32573	35092	36902	33471	37554	33606	39234	31193	51498	53258	51036	50541	61759	50267	54932	50679	53602	49227	51487	52075	51733	53026	44101	50913	54432	60065	56023	56409	64842	51480	56060	48439
piC174	261024	219648	261791	229706	224552	270735	250336	227061	218773	237292	228393	264677	230921	265432	215579	355561	373927	386283	331454	367823	350732	355750	346420	367127	317038	343188	351322	340797	329616	315757	304046	371768	348011	343896	368521	389027	376846	361091	302737
piC175	36026	30760	35408	33408	30735	38477	36576	36298	32268	37882	35399	36123	35452	42414	30397	47783	52603	53804	45462	53271	47056	49649	50133	48091	48010	47154	46077	47763	50564	47297	46392	51622	50453	52619	52669	56204	50997	51360	43570
piC176	7040	5885	7084	7256	6887	7478	8054	6878	7619	7746	6602	8785	8487	8378	6498	9688	10774	11520	12457	12269	10022	13243	9349	11477	10184	10467	9919	9916	10633	9778	10057	12222	10976	12585	11522	12862	10633	10997	10355
piC177	31	26	28	26	31	36	32	17	30	28	24	24	34	24	17	35	40	44	23	45	26	48	23	41	38	49	34	36	39	32	29	33	26	49	39	37	22	47	32
piC178	25051	34391	24367	29098	23401	34278	21047	20029	24357	27776	24366	25113	24280	56615	38310	39809	44464	48830	29000	45418	58735	30815	38033	41460	41748	29634	41825	30993	39554	69198	35595	41827	31930	38641	41020	34718	56134	97957	33644
piC179	28280	19848	25945	21942	21332	26547	24169	24445	19902	25933	23323	20520	22772	26324	13911	35142	34180	36328	31395	38616	35274	37375	33005	32865	32692	33477	35161	36234	31120	31242	30326	35498	34626	29321	24696	34594	33456	25536	24130
piC180	505	427	504	498	447	542	467	393	420	459	413	491	520	536	424	749	818	794	698	771	690	750	670	751	680	749	801	628	699	579	558	808	705	694	744	826	812	702	690
piC181	323075	240572	294261	246592	255523	317911	286316	312850	252143	294670	270489	306290	287550	329889	257130	422471	451120	458924	396381	439095	404518	395856	416273	418183	405183	414776	421389	401440	414307	401809	391584	423684	418767	422027	409634	445101	426972	423058	357850
piC182	56143	47256	57000	50106	47569	57204	52905	59042	48032	56914	53832	56016	52979	64101	45374	85126	96851	82930	77981	90185	80835	80091	76316	82287	81771	87942	88415	77769	78540	80733	81432	82545	79471	79637	79084	91959	81913	81239	67897
piC183	11330	9052	10517	9162	9128	11442	10839	9782	8927	9716	9419	10637	10066	11596	9066	12019	12770	13814	11578	13051	12779	12587	12391	12269	11751	12072	11464	12538	12884	11648	11390	12410	12961	12289	13119	13545	13309	12503	10261
piC184	3812	3284	3628	3989	2659	3564	4034	2799	3296	3491	3556	4037	2999	3700	2548	5763	7099	6080	5388	6053	4959	5999	5186	5978	4927	6339	5971	5294	5441	4370	4140	6416	6183	5374	6055	6496	5558	4480	5360
piC185	216626	174866	205868	178595	174772	218359	199464	189277	171792	192779	181663	206506	191714	222368	164764	283888	305873	305030	265386	306305	299823	292150	282845	295799	281389	278034	287699	287246	290126	268480	262041	299389	287726	291912	293648	309412	306321	281242	252813
piC186	77097	60665	75822	67263	61347	75344	73697	65604	61044	68708	68227	73342	71199	83247	61065	101097	110224	113343	92300	113799	97490	100623	98413	109784	100678	104028	100744	105091	109489	95282	95234	106614	103099	101670	114476	116254	109330	99238	96534
piC187	8303	5166	7319	6596	6670	7137	8230	6341	5835	6309	6592	6642	6843	7563	5998	9647	10691	11884	9114	11751	7571	9674	9964	11756	8970	9670	8781	10733	11544	8698	8698	11093	11029	9374	10838	11309	9751	8399	9679
piC188	274	176	243	235	234	256	230	171	205	205	225	225	268	238	192	344	376	400	352	459	353	334	312	349	341	335	368	359	324	310	298	354	345	385	376	392	309	332	320
piC189	78400	57007	72814	63939	64453	74154	74426	73785	61180	69045	67123	76670	70051	83864	62084	100127	106133	114556	100736	117738	104152	100136	108595	110692	101532	105339	96977	109048	109086	97235	105041	106905	108804	101273	110441	109636	115952	106833	94424
piC190	1247	896	1095	1035	983	1065	1087	952	921	1038	988	1174	949	1168	840	1289	1331	1528	1364	1544	1340	1298	1269	1367	1414	1392	1421	1364	1292	1077	1269	1465	1309	1264	1389	1537	1322	1254	1205
piC191	60	41	33	43	32	39	20	25	31	20	27	41	60	43	21	45	43	48	41	60	63	56	40	35	49	62	46	45	36	38	29	51	31	65	53	69	45	40	50
piC192	1197	1101	1181	1172	1191	1459	1037	984	1072	1188	1046	1370	1378	1365	783	1320	1373	1599	1342	1793	1722	1627	1566	1458	1878	1368	1495	1478	1594	1057	1170	1256	1251	1409	1648	1366	1739	1417	1481
piC193	1004	915	1061	907	933	1120	952	1017	977	1029	932	1051	1030	1053	908	1423	1576	1524	1487	1581	1410	1502	1443	1448	1535	1489	1557	1340	1505	1415	1373	1641	1430	1443	1509	1728	1685	1425	1248
piC194	87	39	59	65	57	58	58	62	84	65	49	72	99	77	47	99	105	101	84	120	99	87	80	69	89	109	96	58	96	81	75	112	77	104	83	135	96	111	92
piC195	581	513	442	469	369	514	486	550	465	468	434	541	500	544	414	676	685	676	706	740	765	656	627	633	684	597	612	753	768	790	675	727	721	656	665	741	739	547	574
piC196	547	444	560	507	498	619	561	495	528	536	520	591	552	547	503	809	766	938	849	914	777	768	826	794	772	801	739	755	764	702	716	817	780	788	908	998	841	829	717
piC197	64	64	46	60	41	49	66	71	70	70	60	58	86	65	39	96	86	86	69	84	88	97	63	76	97	72	83	65	70	65	54	96	66	90	93	129	93	74	61
piC198	675	503	652	539	566	581	624	484	491	509	502	699	538	546	600	883	885	989	911	1037	966	720	888	905	769	917	757	886	908	736	781	927	925	807	1086	952	939	995	802
piC199	6399	4741	6468	5221	5633	6473	5914	6112	6085	6309	5879	6348	6378	7090	5604	8350	8642	10024	8301	9377	7957	8295	8060	8459	8009	9082	8689	7979	8543	7441	7855	8988	8375	8576	9683	9885	8166	7890	7647
piC200	292	198	272	229	206	252	296	211	243	236	229	235	280	244	184	367	349	402	334	430	407	382	365	355	309	404	390	415	400	322	301	388	382	380	375	371	348	316	357
piC201	308515	239414	295344	256445	253877	303657	291453	378472	244101	373947	262071	296265	272659	443453	238131	396746	433884	427058	367283	415272	383525	387721	392026	407395	533621	390073	398566	399591	400518	358860	487579	414189	402074	391219	403913	428709	417885	387039	343520
piC202	406955	319080	398654	331330	350321	400529	381352	488774	331523	471949	361180	408763	359064	537144	312809	537598	608158	574254	510401	588307	523295	531184	530004	560338	688688	538522	555100	530841	512160	500028	637124	571853	544077	534083	551276	588870	595051	537252	469919
piC203	23	17	17	16	13	19	15	14	22	21	13	28	24	27	15	29	34	30	18	20	25	30	29	25	19	22	23	23	24	26	17	32	21	36	32	31	31	25	36
piC204	9908	8724	10831	9215	7945	9076	9431	8934	7159	9947	5923	9003	6419	12239	8538	10479	10439	13872	9989	11319	12835	10031	11155	10679	10443	9786	10045	10779	8109	12326	10285	10400	10901	10722	12692	13083	10819	10484	8909
piC205	366	274	339	348	370	336	388	289	389	379	344	433	337	402	386	563	556	669	540	765	429	599	557	568	524	522	523	617	532	709	495	624	597	588	665	988	529	620	441
piC206	100193	73060	91353	76608	80046	96942	86957	91971	78672	85117	83042	91953	89593	96216	73541	129469	142627	131058	117147	144685	126208	125033	127406	141225	135534	131718	127071	126853	138415	127799	131248	130103	129782	134308	131673	145028	136055	129010	121533
piC207	2375	1647	2077	1537	1362	1999	2008	2173	1537	1957	1772	2050	1910	2255	1475	2132	2270	2289	1989	2173	2081	2241	2191	1961	2163	2406	2266	2043	2018	2098	2131	2088	2147	2114	2161	2229	2025	2027	1652
piC208	46	34	30	32	26	65	26	33	43	35	37	28	47	44	35	44	57	54	36	43	58	60	54	27	37	53	61	47	53	37	31	56	51	68	32	62	50	61	53
piC209	58	46	50	67	50	57	52	47	54	46	48	67	77	50	41	80	81	82	69	89	60	71	62	82	71	76	76	73	89	74	56	100	77	92	88	96	61	65	69
piC210	434717	361972	421756	359486	356511	450263	399558	428365	354151	409330	375203	427374	399153	484758	346899	588921	633764	649767	541783	618790	576700	592306	568262	595139	574260	600803	585990	567538	583932	573634	549200	580519	580422	590797	591633	628027	585382	592301	506400
piC211	16681	13197	15958	14736	13824	16293	16563	15637	14483	16171	15518	15899	15475	17684	13356	24409	24326	24111	22269	26027	22190	24393	21827	23673	23502	24278	24625	21963	23504	21135	21739	25565	23776	23032	22852	27534	23000	22265	19342
piC212	593	385	512	358	442	531	456	488	367	519	398	453	462	487	277	688	747	693	761	744	688	681	634	715	686	776	653	588	663	651	634	747	557	742	713	812	670	599	634
piC213	10818	7280	9594	8931	9589	10037	10310	8341	7764	10366	8913	9598	10032	11887	7231	11813	13628	16493	13348	15637	12889	13449	13243	13135	13544	13113	12040	13123	13540	11980	11935	14473	13001	12973	14481	14322	12433	13038	11983
piC214	197	153	206	174	166	159	176	112	167	144	133	179	210	148	169	235	265	280	212	305	228	228	195	247	240	277	235	201	223	156	171	245	223	261	278	256	208	213	210
