Geneid	sample40	sample41	sample42	sample43	sample44	sample45	sample46	sample47	sample48	sample49	sample50	sample56	sample57	sample51	sample52	sample53	sample54	sample55
PTmerged1	622	404	862	416	755	739	796	473	83	72	80	63	50	63	72	69	87	51
PTmerged2	15	15	71	23	0	0	0	0	0	0	0	1	2	0	0	0	0	0
PTmerged3	22	9	11	13	111	139	194	53	1976	2117	2078	56	47	160	206	160	316	318
PTmerged4	2521	1876	4320	1999	6081	5037	5828	3657	484	471	481	446	374	513	658	557	551	537
PTmerged5	182	112	306	142	456	393	529	244	208	187	217	233	178	222	266	240	192	176
PTmerged6	1396	798	1845	2033	794	839	1136	566	20304	17597	20290	9196	7894	18551	23330	20966	15012	12419
PTmerged7	1159	661	1731	822	2305	2150	2404	1293	236	215	217	150	168	209	226	215	198	174
PTmerged8	840	451	1246	541	1784	1573	1850	948	215	175	214	201	167	181	264	217	192	178
PTmerged9	693	422	1168	487	1339	1056	1222	672	52	31	64	68	43	72	87	87	48	59
PTmerged10	42	28	80	48	63	53	86	38	495	427	498	137	137	513	658	573	359	333
PTmerged11	943	769	1409	673	1713	1308	1430	1096	192	191	197	228	148	219	294	272	183	186
PTmerged12	140	134	253	149	155	167	175	75	219	301	245	214	196	308	320	285	224	211
PTmerged13	392	363	673	324	514	435	587	330	164	197	166	199	161	342	385	298	133	141
PTmerged14	7022	4113	10413	4495	0	0	0	0	1002	863	922	769	716	462	539	474	1191	1071
PTmerged16	2924	2335	4896	4099	3297	3313	4968	1831	22040	19850	21603	36971	33058	31690	40067	35386	37567	33319
PTmerged17	7001	4968	9751	11847	7744	8290	10611	6183	143640	128743	138875	149158	131867	125282	155767	136992	169535	145107
PTmerged18	1213	801	1848	919	1958	1764	2188	1249	177	148	158	156	119	129	205	144	117	121
PTmerged19	1147	832	1942	879	1286	1212	1526	821	167	134	120	169	133	236	315	233	176	138
PTmerged22	93	126	194	97	127	134	130	64	162	166	176	169	152	206	234	175	257	227
PTmerged23	3497	2281	5954	2538	5520	4979	5965	3365	540	556	481	578	468	615	756	664	588	481
PTmerged24	647	375	973	482	1006	878	1007	473	810	730	812	955	774	646	886	753	965	847
PTmerged25	1250	769	1533	2019	1566	1535	1982	1306	28766	24691	27844	28342	24589	20066	27294	23052	46245	39826
PTmerged26	1	0	3	6	5	1	0	3	26	18	34	48	26	41	63	50	130	106
PTmerged27	450	273	731	381	514	406	535	324	1639	1367	1565	1577	1368	1694	2023	1884	839	749
PTmerged28	446	265	679	255	634	625	698	400	88	119	111	87	60	111	111	125	98	98
PTmerged29	6952	4136	11611	5330	16301	13046	15699	9270	1132	1036	1002	1080	955	1157	1424	1250	1278	1165
PTmerged30	394	315	724	353	993	938	1116	560	103	110	109	114	93	149	168	160	117	108
PTmerged31	451	370	876	427	706	581	802	415	97	122	80	153	135	180	209	185	136	162
PTmerged32	1693	1070	2386	1354	4140	3523	3903	2406	361	400	402	447	412	467	549	467	406	363
PTmerged33	931	625	1528	701	1512	1236	1405	948	234	236	241	233	190	239	297	261	222	231
PTmerged34	923	619	1508	692	1445	1162	1326	906	234	238	238	231	190	236	299	262	222	233
PTmerged35	20	7	13	15	4	8	6	5	95	112	107	344	304	208	256	245	379	257
PTmerged36	202	123	270	185	431	411	520	273	253	229	255	534	464	878	1075	1088	673	556
PTmerged37	208	173	335	183	192	198	278	124	255	214	236	242	198	271	364	286	268	237
PTmerged38	244	165	427	285	174	128	179	76	1157	1009	1066	335	358	365	420	408	1290	1088
PTmerged39	8143	4896	13443	5844	17734	15734	18836	10467	1506	1409	1484	2641	2288	2199	2763	2306	1978	1811
PTmerged40	669	436	1038	674	799	739	998	489	2563	2142	2632	2980	2491	3869	4752	4266	3894	3225
PTmerged41	665	434	1028	672	795	737	993	489	2558	2136	2630	2976	2491	3867	4747	4259	3893	3224
PTmerged42	2600	1917	4083	2242	5194	4504	5310	3200	1571	1408	1539	576	519	1634	2040	1714	2481	2298
PTmerged43	919	661	1549	713	1878	1648	1793	1246	34	43	35	23	30	29	15	22	22	23
PTmerged44	2586	1509	4016	1909	5221	4506	5577	2805	1296	1104	1256	1300	1133	1882	2437	2035	1737	1654
PTmerged45	950	594	1425	615	1388	1103	1432	838	122	130	144	166	126	152	192	162	127	123
PTmerged46	952	600	1443	621	1397	1111	1447	846	123	133	145	169	132	154	193	162	127	125
PTmerged47	299	229	421	229	1069	963	1071	664	73	59	56	57	58	78	85	74	73	71
PTmerged48	88	84	198	93	0	0	0	0	1	0	1	12	10	1	2	2	1	0
PTmerged49	2215	1692	4163	1731	3806	3300	4216	2276	986	912	994	857	690	1296	1548	1440	1325	1269
PTmerged50	611	382	1082	567	1161	1077	1197	695	735	686	775	715	606	862	1097	924	1097	890
PTmerged51	162	142	310	201	179	196	283	102	331	321	324	285	262	377	454	403	459	391
PTmerged52	585	557	1143	580	896	835	1082	427	394	411	366	378	281	360	427	329	272	286
PTmerged53	557	550	1091	560	830	791	1012	407	297	333	280	284	209	241	310	235	210	222
PTmerged54	436	265	721	353	1513	1181	1327	755	44	46	47	42	30	47	57	31	33	28
PTmerged55	310	233	498	249	469	418	545	287	100	79	90	106	99	138	167	113	92	95
PTmerged56	273	166	372	175	638	654	858	396	122	144	113	73	74	146	183	189	93	70
PTmerged57	658	415	1109	548	1028	922	1168	595	66	36	57	61	63	86	82	77	53	40
PTmerged441	54	42	79	69	70	94	109	61	488	426	504	326	264	277	368	310	444	381
PTmerged442	233	194	318	178	917	682	810	580	62	52	61	52	30	47	50	31	32	36
PTmerged443	28	28	42	24	40	22	32	21	160	120	158	100	120	116	119	126	212	206
PTmerged444	434	270	786	341	1318	988	1143	658	58	65	57	70	62	63	57	52	64	64
PTmerged445	1389	905	2352	1165	2963	2772	3373	1761	728	724	771	1380	1159	1029	1178	1042	996	921
PTmerged446	67	66	122	112	575	378	371	296	457	434	378	291	237	525	589	554	187	190
PTmerged447	107	107	213	138	590	383	390	305	459	416	357	284	243	516	597	532	199	177
PTmerged448	658	544	1179	567	1148	1075	1717	554	489	538	461	474	374	403	465	418	417	344
PTmerged449	383	274	540	365	1446	1257	1347	911	30	29	35	32	25	26	22	22	23	21
PTmerged450	383	274	540	365	1446	1257	1347	911	30	29	35	32	25	26	22	22	23	21
PTmerged451	868	636	1294	659	1066	907	1037	771	67	67	64	53	34	30	29	24	57	72
PTmerged452	506	395	836	400	1168	996	1266	748	116	124	102	125	119	151	204	172	76	86
PTmerged453	94	127	127	60	309	273	236	328	3	20	5	11	6	13	16	21	10	13
PTmerged454	228	125	314	160	401	368	357	238	128	182	161	244	173	172	261	210	138	168
PTmerged455	932	944	1973	1175	2195	2218	3373	1075	4313	4095	3963	4812	4111	5049	6277	5423	4745	4383
PTmerged456	849	550	1369	624	1872	1569	1841	1087	305	299	300	461	401	395	479	440	320	335
PTmerged457	39	71	60	72	11	9	9	2	263	188	219	218	170	542	646	520	134	156
PTmerged458	366	178	589	283	985	857	869	509	44	53	48	41	36	34	61	39	41	32
PTmerged459	11	6	12	26	0	1	0	0	342	162	224	60	42	164	203	165	10	11
PTmerged460	15	18	25	21	6	10	16	2	109	117	120	81	65	173	253	198	99	91
PTmerged462	180	126	311	160	337	320	499	175	579	539	564	527	526	780	1032	908	609	554
PTmerged463	469	351	738	338	800	685	973	505	74	79	66	140	99	103	131	124	89	78
PTmerged464	972	737	1424	1011	919	1013	1249	740	2244	2091	2134	2110	1676	2254	2683	2385	2120	1909
PTmerged465	83	136	199	121	58	48	59	42	94	165	103	84	76	224	350	249	194	137
PTmerged466	13	25	32	30	3	5	12	5	240	249	220	194	153	104	139	137	213	156
PTmerged467	67135	68841	110594	116106	98938	111916	159054	56355	1101210	1040002	1064319	1275070	1162810	1023667	1292435	1122378	1331174	1225009
PTmerged468	857	577	1113	539	1553	1309	1409	968	167	146	164	196	176	129	183	149	242	199
PTmerged469	10	30	26	37	7	13	10	0	256	372	294	351	315	319	432	356	347	355
PTmerged470	8	0	6	1	0	0	0	1	574	571	552	1	0	1	1	0	0	0
PTmerged471	38	35	48	69	42	20	32	26	728	662	641	698	639	964	1197	980	790	602
PTmerged472	105	87	139	89	31	45	43	19	1195	1050	1007	977	828	623	854	730	681	617
PTmerged474	1429	952	2154	1041	1243	1242	1557	730	264	281	260	366	303	481	607	475	334	261
PTmerged475	637	351	918	532	1463	1211	1386	812	36	37	49	53	44	46	45	32	47	46
PTmerged476	980	472	1284	716	842	775	932	515	406	420	390	526	454	569	708	606	445	430
PTmerged477	493	222	573	263	759	753	835	441	96	78	68	72	52	70	103	80	68	85
PTmerged478	2248	1370	3149	1463	3608	2867	3556	2141	178	184	159	74	61	74	77	70	96	93
PTmerged479	314	187	452	244	389	335	508	209	334	301	320	293	253	437	498	461	377	350
PTmerged480	319	242	500	286	509	458	565	314	471	412	443	595	520	435	546	457	409	388
PTmerged481	3811	2541	4846	6160	4345	5128	7001	2863	73673	65709	70743	58056	48579	78009	98849	84613	72268	62183
PTmerged482	888	849	1650	710	3160	2477	2790	1829	251	253	259	392	349	388	516	396	302	264
PTmerged483	887	849	1646	709	3153	2464	2780	1826	251	253	258	390	349	388	516	395	302	264
PTmerged484	434	262	680	352	660	603	839	385	59	44	42	37	43	54	59	58	58	48
PTmerged485	411	216	542	252	905	759	875	547	157	162	171	168	159	203	246	197	209	197
PTmerged486	411	216	542	252	906	763	878	546	158	162	171	168	159	204	246	199	208	196
PTmerged487	764	494	1171	490	1415	1403	1719	995	44	44	44	43	40	34	43	37	49	38
PTmerged488	903	651	1576	787	2231	2011	2393	1319	606	582	505	1021	896	923	1207	908	663	660
PTmerged489	496	279	769	326	554	474	698	316	114	118	93	90	93	107	127	104	116	93
PTmerged490	528	391	878	436	1665	1519	1844	974	263	225	252	178	166	221	252	223	202	198
PTmerged494	1352	809	1655	1064	2815	2481	2563	1602	117	123	116	128	89	94	115	100	97	124
PTmerged495	1353	810	1654	1064	2815	2481	2563	1602	117	123	116	127	89	94	115	100	97	124
PTmerged496	511	355	856	423	1359	1040	1373	877	256	237	278	254	215	263	301	266	226	212
PTmerged497	524	359	888	434	1405	1082	1401	898	260	239	284	257	218	266	307	270	231	216
PTmerged498	813	526	1254	634	1185	960	1149	666	848	704	815	1019	916	667	900	757	391	326
PTmerged499	166	119	273	127	415	399	585	220	282	259	258	274	261	369	457	396	406	370
PTmerged501	1548	896	2534	1271	58	38	48	35	8	4	7	12	7	4	5	10	1	5
PTmerged502	308	207	425	321	1517	1324	1862	1014	1136	976	1010	1266	1059	1236	1654	1359	1088	976
PTmerged503	691	427	1079	513	690	657	826	378	37	45	31	32	30	41	30	30	30	17
PTmerged504	999	763	1724	885	1207	1032	1456	621	933	923	838	1151	917	1087	1408	1148	993	880
PTmerged505	813	464	1179	605	2210	2051	2212	1284	150	128	130	94	87	87	87	90	82	72
PTmerged506	906	730	1579	795	933	775	911	560	751	701	741	830	676	832	995	796	487	490
PTmerged507	315	305	610	318	607	508	584	361	580	552	569	576	465	614	760	629	313	322
PTmerged508	607	455	1007	501	347	291	347	205	173	154	176	256	213	218	236	169	177	170
PTmerged509	337	223	442	267	298	289	345	212	203	251	210	265	257	352	411	343	231	251
PTmerged510	549	389	889	390	838	745	1021	492	188	183	171	189	147	185	208	209	163	142
PTmerged511	108	63	181	88	278	163	191	117	134	122	139	221	168	233	259	229	251	231
PTmerged512	1068	704	1716	836	2910	2260	2642	1589	268	288	286	244	216	294	338	292	256	257
PTmerged513	338	240	553	244	818	691	905	515	198	225	210	234	184	234	305	266	191	171
PTmerged514	182	113	251	171	150	145	236	87	595	473	551	505	520	517	622	619	588	543
PTmerged515	182	113	251	171	150	145	236	87	595	473	551	505	519	516	623	619	586	545
PTmerged517	9	16	16	9	0	0	0	0	87	92	98	41	25	65	81	63	28	29
PTmerged522	416	280	660	547	792	604	752	419	3584	3069	3707	3606	3106	2798	3524	3178	3192	2855
PTmerged523	42	46	45	70	1	0	2	4	262	346	231	707	574	691	823	633	256	197
PTmerged524	99	88	122	189	0	0	0	0	3020	2477	2473	1937	1447	2537	2873	2466	616	726
PTmerged525	3172	2172	4934	5220	3797	4218	5621	2738	61579	54456	59419	67358	59993	62820	77780	68632	83004	73991
PTmerged526	9	2	11	5	52	53	37	37	22	17	33	291	220	353	435	416	370	302
PTmerged527	30	4	36	25	33	39	41	13	122	79	100	170	138	113	129	114	330	263
PTmerged528	1074	691	1798	762	5	3	3	1	1	0	0	80	64	0	0	0	131	97
PTmerged529	122	62	194	120	55	73	80	42	324	325	339	419	349	489	640	584	709	548
PTmerged530	56	40	85	49	82	48	70	37	331	251	318	232	194	219	255	203	242	237
PTmerged531	693	520	998	533	598	491	524	341	81	102	100	96	74	110	158	111	100	98
PTmerged532	181	146	264	135	1005	798	833	529	25	29	23	72	70	63	51	39	62	36
PTmerged533	181	145	261	135	1001	795	827	525	25	29	22	69	64	63	51	38	48	31
PTmerged534	80	59	112	53	104	89	119	83	17	23	13	303	239	15	16	19	11	9
PTmerged535	11	7	16	19	425	436	635	249	40	38	43	332	284	743	962	742	0	0
PTmerged536	1144	893	2338	959	3331	2736	3386	1840	397	394	357	405	343	396	496	438	520	444
PTmerged537	5632	3266	8799	4059	12397	11097	12851	7266	826	702	843	826	702	775	983	791	1078	1037
PTmerged538	0	0	0	0	1	0	0	1	4	2	1	5	5	28	33	29	88	77
PTmerged539	549	370	787	432	1408	1044	1125	833	101	119	106	112	82	68	79	81	104	112
PTmerged540	554	373	793	436	1410	1050	1134	839	104	121	109	117	89	71	84	78	108	118
PTmerged541	242	220	473	244	310	290	415	197	403	357	421	400	351	494	601	502	424	356
PTmerged542	854	600	1320	610	1056	839	990	678	113	90	114	113	86	157	196	151	93	78
PTmerged543	894	517	1306	542	1345	1134	1318	735	542	430	509	638	544	493	600	511	533	554
PTmerged545	64	33	89	56	69	67	77	37	180	184	186	194	137	254	355	268	213	199
PTmerged544	66	35	90	57	70	70	78	38	182	185	186	194	137	254	357	268	215	199
PTmerged546	334	259	583	320	1226	866	1109	659	158	225	168	225	222	270	396	321	214	168
PTmerged547	207	125	314	234	268	208	250	160	1777	1655	1798	2116	2005	2164	2819	2348	2682	2355
PTmerged548	3031	2592	4698	4781	3601	3815	5656	2494	40890	38683	39348	46373	43313	36621	45995	39601	62511	54740
PTmerged549	427	276	768	347	1116	963	1194	673	43	54	47	46	44	40	54	42	37	33
PTmerged550	45	31	67	61	76	75	119	51	481	368	489	313	297	535	670	589	500	434
PTmerged551	139	117	232	117	79	81	127	29	258	217	235	199	157	265	333	257	205	177
PTmerged552	62	55	141	64	71	63	88	55	156	138	127	91	79	121	141	94	97	97
PTmerged553	470	355	761	475	938	787	1019	577	2041	1722	1891	1993	1680	2176	2737	2410	1757	1638
PTmerged557	68	47	106	45	141	195	168	112	271	310	242	79	69	315	309	293	36	20
PTmerged558	49	67	110	43	132	120	176	78	652	691	606	704	602	685	824	743	443	374
PTmerged559	134	81	217	99	1133	1039	1249	751	44	50	48	12	7	14	7	6	22	26
PTmerged560	320	261	580	288	410	366	457	263	530	494	557	429	358	485	626	518	627	619
PTmerged561	1139	730	1981	949	191	168	210	82	94	80	101	160	132	139	141	123	305	332
PTmerged562	1139	730	1981	949	191	168	210	82	94	80	101	160	132	139	141	123	305	332
PTmerged563	142	100	236	158	124	109	106	84	1206	1021	1293	1485	1296	800	1050	970	1245	909
PTmerged564	1607	1096	2595	1290	1933	1727	2166	1179	5449	5049	5262	5831	5129	4498	5645	4798	5890	4799
PTmerged565	1607	1099	2592	1290	1935	1727	2171	1180	5448	5047	5261	5831	5127	4497	5644	4796	5888	4798
PTmerged566	5311	3388	8846	3864	3770	3251	4014	2209	447	466	500	516	416	714	882	700	346	309
PTmerged567	3941	2974	5915	6647	5486	5958	7579	4194	105357	94968	102581	88958	78651	95782	121034	106555	115764	101088
PTmerged568	406	250	737	370	1171	982	1048	679	1084	851	1121	1345	1219	1306	1559	1327	1157	1105
PTmerged569	2383	2858	4363	3476	18111	20044	29089	10079	234994	221757	229409	31636	27443	166466	215566	184366	210833	188003
PTmerged570	2381	2856	4357	3474	18111	20043	29088	10079	234964	221738	229388	31621	27429	165753	214617	183617	210818	187983
PTmerged571	77	81	181	98	56	43	47	21	265	253	263	209	197	225	284	245	305	278
PTmerged572	73	70	163	91	52	35	38	18	255	244	252	198	193	221	277	238	295	270
PTmerged573	529	299	866	300	729	714	725	458	81	59	70	104	87	107	136	105	84	93
PTmerged574	29	10	32	46	12	11	11	18	453	389	462	573	515	339	448	366	424	380
PTmerged575	20652	13140	31115	34651	12549	13096	16553	10716	425201	376043	406681	326995	299652	332256	419531	363880	431639	369846
PTmerged576	38	20	43	64	24	40	47	23	884	658	740	620	524	716	868	755	415	375
PTmerged577	38	20	44	64	24	40	47	23	886	660	745	620	524	716	869	755	416	376
PTmerged578	657	529	1063	493	1478	1249	1479	903	60	48	45	50	39	45	28	25	44	35
PTmerged579	98	61	166	88	120	137	128	61	124	172	149	185	156	231	228	219	170	177
PTmerged580	3378	2290	5883	2485	7787	6526	7473	4548	225	164	211	196	167	124	184	129	169	216
PTmerged581	2072	1312	3296	1652	4797	4196	4866	2960	701	661	744	803	681	923	1201	973	978	864
PTmerged582	97	72	184	81	50	68	94	31	98	109	98	177	153	239	265	245	179	153
PTmerged583	384	225	541	270	1276	1117	1238	747	125	126	107	132	111	117	144	127	99	104
PTmerged584	828	567	1398	626	845	714	815	505	654	631	611	484	420	458	540	478	232	245
PTmerged585	417	253	764	324	1317	970	1127	720	140	129	158	166	132	94	145	120	103	82
PTmerged586	39	37	98	100	26	37	45	13	1119	1004	1096	550	533	574	669	559	648	540
PTmerged587	1288	891	1961	913	26	27	29	22	1	1	0	0	0	0	1	1	0	1
PTmerged588	391	190	509	280	809	671	707	387	24	30	27	13	11	8	11	11	9	14
PTmerged589	3718	2368	5302	6320	2006	2078	2310	1734	68755	59889	68280	62491	57855	40161	49764	43582	81467	69295
PTmerged590	612	397	936	973	338	308	402	278	8803	7782	8471	10941	9563	7527	9584	8571	10903	8765
PTmerged591	988	582	1560	744	1746	1600	1939	1129	224	192	185	316	232	396	466	397	277	229
PTmerged592	1018	611	1494	683	2557	2175	2618	1471	88	90	95	58	61	65	83	53	82	67
PTmerged593	441	298	763	353	567	476	553	327	418	439	370	459	399	483	648	522	431	403
PTmerged594	121	72	141	100	118	103	145	66	371	355	348	338	289	342	405	359	343	302
PTmerged595	306	240	566	216	871	779	882	508	110	105	83	99	93	102	111	101	106	88
PTmerged596	1140	792	1734	975	1928	1686	2085	1164	295	296	368	279	257	224	240	200	217	247
PTmerged597	70	61	142	75	226	175	239	81	106	116	106	194	148	149	177	183	203	168
PTmerged598	1157	745	1734	891	3072	2350	2585	1740	497	426	432	486	355	654	826	685	466	418
PTmerged599	33	51	76	41	108	60	84	64	214	267	196	138	140	273	286	269	97	82
PTmerged600	392	262	584	255	681	631	740	422	88	99	100	96	58	89	104	81	88	92
PTmerged601	347	257	524	234	385	352	394	272	29	43	42	21	37	17	25	14	24	35
PTmerged603	11	7	23	14	873	731	1007	553	7	7	4	7	14	20	16	19	1	2
PTmerged602	11	7	23	14	873	731	1007	553	7	7	4	7	14	20	16	19	1	2
PTmerged604	730	814	797	805	75	64	119	35	2762	2653	2407	3030	2068	4449	6066	5378	659	477
PTmerged605	2513	1665	4101	1714	4526	3591	4284	2744	180	154	166	196	165	142	178	112	168	191
PTmerged606	2513	1664	4101	1713	4526	3591	4283	2744	180	154	166	196	165	142	178	112	168	191
PTmerged607	5931	5786	9200	9583	6376	7181	10290	3846	94308	86940	91810	87278	74349	90769	114770	98433	96440	85175
PTmerged608	1658	1061	2744	1205	2120	1723	2142	1242	158	189	177	158	134	173	225	175	147	143
PTmerged609	1585	1019	2641	1156	2011	1637	2028	1182	143	175	163	155	126	160	218	163	140	136
PTmerged610	690	478	1147	584	2504	1989	2313	1547	201	191	197	166	137	144	148	152	197	182
PTmerged611	949	550	1522	672	1864	1626	1875	1083	266	239	262	322	297	290	349	281	286	258
PTmerged612	587	350	841	428	756	591	738	521	123	96	93	89	77	73	82	75	107	68
PTmerged613	973	738	1357	621	2070	1629	1847	1303	121	138	103	79	66	86	66	53	67	54
PTmerged615	909	675	1586	761	1613	1352	1705	1042	148	155	146	232	169	85	115	86	86	73
PTmerged616	1919	977	2479	1226	979	996	1319	698	1946	1662	1875	1476	1300	2255	2743	2272	1779	1707
PTmerged617	939	541	1417	647	3065	2808	3202	1634	105	104	95	80	73	89	99	60	78	73
PTmerged618	1033	446	1316	684	3565	3382	3623	2087	78	61	87	61	56	64	76	67	78	81
PTmerged619	561	363	919	399	2390	1824	2232	1492	266	262	244	240	236	277	334	256	395	326
PTmerged620	1773	1202	3176	1318	5779	4877	5797	3425	190	165	183	189	167	182	235	177	300	237
PTmerged621	3	0	0	0	1	0	0	1	1	0	0	0	1	0	0	0	398	368
PTmerged623	162	113	215	133	300	270	415	206	154	141	141	163	170	120	133	116	185	188
PTmerged624	15	15	40	37	51	51	60	21	131	126	161	161	173	135	174	190	162	130
PTmerged625	89	109	165	99	98	85	95	82	280	263	283	342	337	212	269	244	373	286
PTmerged626	48	57	66	58	54	50	48	19	63	63	55	403	345	368	418	324	38	24
PTmerged627	0	0	1	0	0	0	0	0	1	4	1	8	4	1	2	4	6	3
PTmerged628	294	145	408	205	826	706	820	534	16	14	29	20	11	17	15	7	14	12
PTmerged629	884	521	1221	600	2409	1977	2119	1429	90	91	102	135	101	75	86	101	93	86
PTmerged630	164	202	226	290	121	112	221	91	2019	1946	1659	2687	2331	2021	2449	2057	632	645
PTmerged631	10	20	18	30	2	12	20	11	158	195	149	261	227	233	273	232	37	36
PTmerged632	94	104	125	150	93	74	138	51	1087	1043	909	1529	1296	1041	1240	1025	415	440
PTmerged633	435	396	816	401	1086	919	1057	591	129	159	142	252	147	214	285	233	150	151
PTmerged634	40	29	35	32	27	30	29	23	255	202	253	781	680	476	558	591	690	549
PTmerged635	1542	977	2332	1178	1387	1137	1346	841	198	223	232	193	183	181	251	179	249	234
PTmerged636	757	462	1376	616	1556	1357	1652	910	77	79	79	86	64	112	129	102	79	57
PTmerged638	128	55	171	80	104	105	130	66	312	266	291	215	168	294	395	397	412	369
PTmerged639	4041	2326	6733	2836	7240	6542	7570	4279	307	297	303	252	222	188	251	164	216	229
PTmerged640	137	113	228	130	131	155	252	123	33	26	23	26	15	24	31	22	18	17
PTmerged641	995	547	1239	1233	904	910	1176	722	26533	23042	26183	16964	14285	16821	21100	18234	26517	22158
PTmerged642	258	147	380	170	1326	1019	1238	769	120	95	94	121	103	93	151	108	140	111
PTmerged643	55979	51282	80771	90265	81631	93130	132600	51657	1073133	1038191	1045718	1060483	947403	894411	1137834	993581	1162941	1047626
PTmerged644	568	557	858	799	254	309	462	152	53354	51864	52369	3802	3090	4649	5972	5129	6620	5862
PTmerged645	476	294	709	401	2034	1427	1732	1269	68	48	66	49	31	42	63	29	81	81
PTmerged646	31	35	27	33	6	5	8	7	147	143	118	245	227	227	331	339	161	126
PTmerged647	75	47	116	76	73	55	78	51	796	764	878	877	717	2576	3271	2773	340	289
PTmerged648	10229	8095	13776	17708	24142	27523	38478	16433	139476	132313	135045	201212	189048	140835	174930	156113	163873	151077
PTmerged649	1922	1613	3368	1758	3172	2831	3448	1873	1657	1685	1601	1932	1637	2491	3164	2711	1741	1633
PTmerged650	1578	1036	2526	1033	2728	2440	2939	1674	146	98	145	121	103	123	180	124	126	113
PTmerged651	1555	1031	2510	1029	2725	2431	2928	1674	146	98	144	121	103	123	180	121	125	112
PTmerged652	616	490	1096	499	901	800	973	523	549	513	534	877	765	739	884	836	803	728
PTmerged653	410	365	641	433	463	441	599	244	955	983	912	931	737	1189	1489	1229	1069	976
PTmerged654	197	124	328	136	775	664	746	507	72	80	69	51	51	98	130	92	82	84
PTmerged655	171	104	293	124	765	653	735	495	71	76	63	46	50	94	128	91	80	84
PTmerged656	16	21	28	23	48	48	55	38	263	206	250	268	251	229	286	243	303	233
PTmerged657	137	82	206	103	355	288	362	192	206	152	195	180	142	216	265	248	220	199
PTmerged658	653	405	1126	570	1265	1033	1320	675	720	603	658	502	409	684	866	770	986	873
PTmerged659	97	93	181	107	101	111	149	81	477	457	516	533	458	571	691	629	644	596
PTmerged660	514	429	861	672	479	502	734	245	5977	5124	5860	6985	6074	6266	7754	6709	7870	6646
PTmerged661	926	580	1251	612	2604	2091	2318	1644	38	50	35	55	36	20	39	26	31	26
PTmerged662	3442	2406	4758	4536	3012	3051	3722	1904	32499	28668	32213	37068	34042	29977	36645	32212	39873	34996
PTmerged663	3399	2378	4701	4514	2960	3010	3679	1888	32476	28644	32185	37043	34010	29936	36609	32173	39835	34977
PTmerged664	410	349	622	323	213	161	162	91	55	44	47	35	30	26	34	27	28	33
PTmerged665	409	295	694	372	1698	1434	1697	1138	80	91	62	96	79	118	138	106	98	106
PTmerged666	459	342	736	389	1982	1662	1722	1076	50	53	40	30	37	9	10	7	21	25
PTmerged667	333	217	526	271	4	1	4	1	69	75	91	0	0	2	2	1	0	0
PTmerged668	445	296	677	323	328	269	398	271	1140	1052	1055	1509	1339	1502	1858	1625	1371	1195
PTmerged669	88	59	131	118	85	90	130	44	1276	1076	1314	1409	1130	949	1142	1092	1141	1015
PTmerged670	1119	840	1677	1578	1471	1368	1668	1074	15529	13662	15303	10958	9825	11378	14218	12534	16656	13718
PTmerged671	407	271	599	344	446	503	552	263	567	565	525	472	461	535	708	633	643	535
PTmerged672	405	271	587	341	437	494	548	260	563	560	520	469	455	532	700	628	641	530
PTmerged673	496	324	717	408	1755	1292	1436	1055	120	103	113	134	99	161	214	153	66	63
PTmerged674	401	290	646	343	866	702	771	476	589	607	521	609	479	755	843	768	481	431
PTmerged675	1901	1251	2960	1453	5868	4801	5445	3569	282	277	274	286	250	231	290	226	274	262
PTmerged677	342	360	606	331	386	378	528	249	800	883	804	854	724	857	1132	966	663	596
PTmerged678	4999	5058	8040	8226	7360	8352	11655	4432	77743	70748	74397	78080	70623	61905	78007	67911	88447	79394
PTmerged679	201	94	308	174	497	373	450	307	149	119	128	162	132	104	153	118	105	81
PTmerged680	399	306	601	307	1159	1073	1369	815	69	73	92	71	69	72	76	72	24	21
PTmerged681	381	305	578	299	1127	1042	1321	788	68	71	92	69	69	72	74	71	23	20
PTmerged682	37989	34186	57116	61254	57891	67650	98318	34105	710541	697952	680388	703742	627648	718454	899188	793260	773269	707634
PTmerged683	518	362	755	409	1057	947	1166	606	109	104	116	111	84	122	128	115	108	96
PTmerged684	265	196	405	198	557	528	628	328	235	239	247	253	218	269	331	280	245	223
PTmerged685	374	194	581	281	422	445	479	298	415	361	441	579	497	499	754	635	556	451
PTmerged686	148	81	214	115	113	97	117	86	219	191	202	188	200	166	222	186	206	198
PTmerged687	711	464	1111	574	1782	1637	1962	1035	538	595	552	814	674	864	1090	975	775	811
PTmerged688	464	267	649	330	404	319	454	191	1099	892	1162	1114	1051	1394	1650	1452	1345	1132
PTmerged689	918	508	1389	597	1303	1104	1179	699	113	105	109	110	119	87	110	84	90	99
PTmerged690	2344	1378	3455	1588	2084	1954	2146	1280	141	125	137	127	119	128	165	127	135	125
PTmerged691	42	38	51	71	68	49	83	54	587	465	544	84	67	136	169	147	781	702
PTmerged692	695	435	1137	505	1142	897	1116	579	316	274	302	283	237	345	431	342	314	239
PTmerged693	0	0	0	0	2285	1744	1985	1224	0	0	0	0	0	0	0	0	0	0
PTmerged694	443	309	736	357	969	769	1076	527	786	710	824	772	637	835	976	860	1253	1105
PTmerged695	519	444	977	435	776	750	884	558	577	522	596	723	687	391	443	429	567	506
PTmerged696	448	368	842	375	721	720	834	527	566	512	586	710	676	386	435	420	560	499
PTmerged697	8552	6183	12329	13643	11754	13697	20773	6738	161130	155206	155481	201973	180188	146431	181363	160833	185551	168639
PTmerged698	1691	937	2585	1172	2680	2479	2984	1610	744	633	780	905	792	837	1037	898	821	764
PTmerged699	1676	926	2568	1160	2675	2477	2979	1604	741	627	777	903	786	833	1030	889	819	760
PTmerged700	1770	1100	2600	1087	2714	2216	2531	1696	139	109	130	96	82	94	91	60	85	96
PTmerged701	112	83	191	165	107	113	167	99	1848	1430	1711	2310	2093	1764	2205	1839	4523	4000
PTmerged702	34	15	40	39	11	8	14	4	135	112	143	283	213	106	119	121	185	205
PTmerged703	359	251	497	442	213	237	246	177	1879	1619	1906	2879	2568	1980	2440	2273	2665	2292
PTmerged704	36	16	31	18	25	16	37	24	68	66	60	222	205	109	134	111	302	295
PTmerged705	676	393	1113	488	1297	1158	1354	796	185	193	170	177	144	137	179	141	163	127
PTmerged706	6350	3825	9069	10510	4386	4539	5494	3766	95419	82774	92096	116203	109238	80879	99009	88171	112867	101080
PTmerged707	1083	700	1527	729	3436	2299	2617	1789	121	118	86	111	102	95	85	62	76	105
PTmerged708	1322	842	1851	967	4267	2900	3227	2197	126	133	104	136	123	109	105	87	96	126
PTmerged709	20	25	37	25	90	75	63	73	302	244	246	190	161	155	215	168	452	359
PTmerged710	280	228	402	252	753	564	761	414	484	452	475	299	295	573	695	568	490	481
PTmerged711	269	221	385	238	741	545	728	395	479	451	471	298	295	570	691	564	487	477
PTmerged712	3136	2292	4410	5324	1861	1909	2230	1515	41788	34226	40369	61696	55112	51609	64100	55175	44853	39865
PTmerged713	960	623	1588	692	1458	1307	1596	867	160	153	151	197	153	170	247	217	158	168
PTmerged714	99	89	124	93	57	40	72	30	714	668	641	860	720	526	693	638	732	589
PTmerged715	787	622	1218	646	2960	2322	2563	1715	91	75	67	59	66	91	101	90	67	85
PTmerged716	787	622	1217	646	2959	2319	2555	1715	91	74	67	59	66	91	101	90	67	85
PTmerged717	6819	8295	10925	10849	9943	11359	16363	6494	83571	81577	80604	96040	82364	80660	101424	89613	82334	73129
PTmerged718	256	190	402	261	671	573	666	395	1673	1277	1531	1152	940	1672	1987	1642	1293	1200
PTmerged719	2114	1568	3845	2553	4613	4347	6165	2475	8642	7663	8183	9499	8682	17668	21412	18458	19682	18920
PTmerged720	567	344	994	433	945	837	1070	536	281	220	265	269	245	226	326	241	234	235
PTmerged721	121	91	219	91	115	107	124	88	97	85	118	207	174	130	174	146	325	270
PTmerged722	94	69	170	92	1144	1022	1456	712	993	935	949	112	74	1398	1735	1438	1111	924
PTmerged724	610	352	921	421	1138	987	1238	674	627	524	670	852	743	553	696	586	614	599
PTmerged725	107	103	236	108	445	443	520	266	215	202	174	241	211	237	243	228	261	222
PTmerged726	1795	1216	2890	1458	450	325	405	472	84	105	86	306	241	28	40	37	103	75
PTmerged727	854	466	1304	711	20	22	28	17	4	11	6	148	129	1	2	2	4	7
PTmerged728	822	553	1134	587	1549	1182	1394	881	141	130	148	179	119	175	184	199	141	123
PTmerged729	1034	846	1680	957	1899	1626	1962	1193	1897	1873	1732	2156	1731	1984	2393	2091	1727	1555
PTmerged730	1021	845	1668	952	1893	1622	1956	1189	1893	1871	1730	2154	1730	1983	2391	2089	1725	1554
PTmerged731	27	33	42	45	41	86	111	33	640	613	548	492	388	753	883	819	339	267
PTmerged732	19	17	22	27	37	25	54	19	395	342	371	240	197	556	707	610	325	347
PTmerged733	59	58	101	60	31	35	31	15	184	203	183	216	199	264	292	262	236	180
PTmerged734	163	158	221	155	172	145	170	96	326	341	302	338	292	387	575	415	233	238
PTmerged735	348	209	429	200	2036	1614	1848	1136	49	37	35	29	43	35	33	36	32	47
PTmerged736	57997	48786	84033	94041	69666	81201	116858	47570	1159652	1095786	1114100	1196014	1070803	994284	1249160	1092240	1258693	1133744
PTmerged737	6462	5810	11518	9078	9075	9342	13714	5322	95911	92353	91264	116244	101758	96251	120454	106564	33139	30474
PTmerged738	2423	1960	3800	3845	8212	8744	11918	4958	55756	51800	54821	46179	39960	31974	40789	35900	67353	58323
PTmerged739	572	367	813	499	479	376	404	235	114	101	96	115	110	69	80	57	52	50
PTmerged740	136	103	304	158	413	367	525	222	591	522	578	1368	1205	1562	1988	1613	1547	1311
PTmerged741	61	38	98	76	50	37	73	29	230	196	263	252	199	178	221	231	262	226
PTmerged742	49	27	51	87	1	0	0	0	344	277	355	911	775	112	130	138	599	488
PTmerged743	5619	3335	9091	4946	19619	14297	16130	10578	458	349	435	759	586	570	692	470	479	561
PTmerged744	4663	2716	7532	4158	17528	12856	14376	9540	398	301	379	638	489	474	563	386	415	465
PTmerged745	308	235	489	217	846	584	795	407	72	89	61	77	48	59	68	77	62	57
PTmerged746	61	38	115	32	54	55	53	51	266	223	256	48	46	284	384	312	283	269
PTmerged747	369	289	616	322	509	478	505	311	272	270	257	202	165	202	290	248	144	173
PTmerged748	197	160	239	151	346	249	368	220	386	330	344	429	308	450	564	448	257	262
PTmerged750	1235	881	1931	918	3676	2919	3640	2253	436	491	471	530	402	518	628	600	497	458
PTmerged751	1223	873	1908	905	3620	2864	3577	2217	427	484	460	519	395	503	622	587	484	448
PTmerged752	58	16	80	32	55	45	80	14	96	113	92	144	123	122	154	122	133	112
PTmerged753	40	14	71	26	54	39	56	12	64	77	73	109	99	93	114	101	99	87
PTmerged754	164	94	232	133	173	164	239	108	406	307	334	213	192	279	371	299	279	267
PTmerged756	1	1	1	0	0	0	0	0	0	0	0	1	4	2174	2681	2371	0	0
PTmerged757	21	9	29	11	0	0	0	0	0	0	0	71	71	0	0	0	1881	1684
PTmerged758	82	47	176	190	0	0	0	0	0	0	0	2064	1930	0	0	0	0	1
PTmerged760	21	17	36	19	13	9	13	11	23	13	30	278	243	25	35	24	73	64
PTmerged761	372	234	588	266	569	497	615	432	989	1007	978	977	925	774	892	811	1171	981
PTmerged763	35107	26955	51520	59458	41015	47231	67281	28879	664236	626931	637103	668047	607756	618073	770845	677457	737782	676383
PTmerged764	3773	2455	5069	6586	1972	1981	2530	1950	68868	61866	67461	66082	60534	78182	98435	86649	95642	85055
PTmerged765	3203	2467	4637	5028	3692	4419	6650	2225	59188	54162	55883	43679	39092	59914	73173	63865	58625	55670
PTmerged766	27941	21240	41882	47599	33612	37733	53057	26009	577228	543794	558100	619410	555185	566569	706987	619448	621559	566967
PTmerged767	27941	21241	41882	47600	33612	37733	53057	26009	577229	543795	558101	619411	555185	566568	706982	619448	621558	566966
PTmerged768	5	12	21	36	18	23	44	22	193	206	168	162	140	134	176	141	214	174
PTmerged769	63354	58589	98232	107819	68035	80663	120503	43719	1228548	1203496	1176456	1295858	1147351	1110877	1408373	1218819	1384051	1244037
PTmerged770	9	5	14	13	0	2	0	0	545	515	545	515	443	634	851	734	564	567
PTmerged771	10	16	18	21	0	0	1	0	328	288	317	238	196	335	400	366	274	304
PTmerged772	2948	1646	3771	5270	1158	1245	1917	799	14793	12810	13832	10834	9413	12593	15448	13241	13737	12072
PTmerged773	6	3	10	19	4	4	3	1	216	192	251	158	133	161	201	192	132	120
PTmerged774	698	532	1055	452	1416	1103	1185	772	63	66	65	49	45	51	46	43	70	81
PTmerged775	9196	6082	14897	6939	15340	12517	14157	9248	710	658	639	880	658	646	902	670	868	968
PTmerged776	964	652	1602	788	1575	1371	1511	976	259	279	234	308	300	280	396	324	235	238
PTmerged777	955	650	1585	773	1549	1352	1492	964	256	278	233	305	296	278	396	322	234	235
PTmerged778	381	352	699	368	764	607	780	422	1316	1378	1299	1401	1173	1453	1867	1595	1426	1295
PTmerged779	53	21	47	38	42	25	34	24	279	254	253	265	223	234	262	214	239	259
PTmerged780	183	120	225	135	883	754	784	570	14	15	16	11	15	6	11	14	11	12
PTmerged781	118	79	192	101	180	118	161	81	287	253	339	380	325	347	400	374	454	402
PTmerged782	29	9	24	12	7	6	9	9	175	158	168	198	167	186	255	218	238	253
PTmerged783	29	9	24	11	6	5	8	9	167	156	159	196	165	185	251	214	238	253
PTmerged786	25	13	44	34	42	16	38	21	147	166	163	97	119	43	67	55	219	213
PTmerged787	1742	1346	2740	1382	2077	1854	2395	1356	1136	1073	1066	1262	1127	1284	1691	1484	1400	1436
PTmerged788	696	456	1133	526	1552	1220	1404	900	64	56	67	62	67	71	108	76	76	71
PTmerged789	655	409	951	536	1577	1238	1424	958	311	299	310	253	221	275	328	322	236	263
PTmerged790	692	424	1016	567	1648	1303	1502	1001	330	322	319	271	241	309	364	346	272	293
PTmerged791	109	125	208	74	188	137	210	156	23	21	26	13	7	24	25	23	16	22
PTmerged792	1304	878	2243	888	3150	2578	3060	2042	362	322	297	162	144	214	303	224	194	186
PTmerged793	223	109	317	150	267	250	296	140	160	154	179	164	166	181	244	201	254	207
PTmerged794	21	9	23	17	0	0	1	0	333	254	302	361	312	373	422	346	439	378
PTmerged795	459	318	882	361	1199	1024	1252	734	142	123	131	171	132	137	185	150	142	135
PTmerged796	1109	736	1758	803	2807	2729	2885	1631	265	265	269	385	320	372	462	403	421	376
PTmerged797	4260	2849	6293	6934	3431	3562	4438	2717	97723	84532	94949	105172	93354	90032	113144	97728	112241	94510
PTmerged798	493	410	863	926	266	204	297	320	12191	11109	11804	10578	9415	9812	12383	10870	12505	9760
PTmerged799	484	658	878	596	754	810	1101	470	3705	3373	3521	2922	2373	3738	4742	3903	2316	1951
PTmerged800	29	21	40	39	27	19	18	28	121	97	98	89	85	133	129	122	211	174
PTmerged801	477	276	711	275	1188	1008	1138	758	119	131	119	163	134	144	166	150	93	91
PTmerged802	655	540	1017	556	1861	1511	1540	1119	187	181	177	139	152	157	136	133	124	110
PTmerged803	1400	968	2098	1109	2975	2619	2846	1940	1801	1560	1735	1801	1562	1884	2376	2109	1550	1467
PTmerged804	26	41	39	43	0	0	0	0	805	657	584	274	174	590	692	586	9	15
PTmerged805	476	306	720	286	561	488	700	363	11	28	15	7	7	12	11	13	7	9
PTmerged806	1036	716	1679	836	1654	1478	2207	862	552	549	545	754	657	519	622	556	679	599
PTmerged807	6	16	50	18	39	36	42	27	693	656	608	12	6	7	10	10	9	9
PTmerged808	496	368	938	416	907	865	1293	430	306	269	270	350	326	301	404	347	326	346
PTmerged809	869	463	1219	672	529	546	750	261	839	759	836	471	406	752	1015	843	811	711
PTmerged810	362	228	539	248	976	855	1005	590	376	292	370	216	180	275	351	302	242	221
PTmerged811	109	71	177	154	34	22	29	12	672	592	693	492	383	699	883	707	813	688
PTmerged812	113	71	177	159	29	21	28	12	677	600	700	500	389	714	894	719	832	700
PTmerged815	449	352	812	526	1172	1037	1413	598	3424	3267	3510	3856	3358	3149	3793	3391	3694	3022
PTmerged814	450	352	815	526	1172	1040	1414	600	3434	3281	3516	3867	3366	3154	3803	3404	3700	3032
PTmerged816	37	37	57	31	106	57	100	52	563	455	562	383	350	324	400	341	636	476
PTmerged817	413	239	636	264	367	371	513	199	281	265	278	232	206	288	313	286	298	293
PTmerged818	1553	793	1947	2704	388	357	505	255	1860	1461	1695	26419	23607	11723	14157	12332	15209	13964
PTmerged819	701	868	1547	1013	836	924	1609	393	1919	1926	1781	1713	1396	2644	3454	2914	2129	1729
PTmerged821	539	366	802	336	877	738	923	557	577	538	577	724	614	753	989	817	480	438
PTmerged822	795	534	1353	627	1339	1236	1387	778	138	130	115	115	93	128	190	141	174	142
PTmerged823	389	285	573	314	1344	1035	1281	878	34	38	32	33	33	39	38	39	33	25
PTmerged824	167	67	233	134	764	583	586	387	18	21	23	22	30	20	28	13	36	36
PTmerged825	37	25	39	45	41	47	47	19	838	633	846	803	664	702	882	840	478	392
PTmerged827	628	412	875	396	863	811	978	541	36	58	38	25	28	32	21	30	19	17
PTmerged828	628	413	886	396	865	808	982	540	36	58	38	25	28	33	21	30	19	17
PTmerged829	149	124	230	129	137	93	143	84	197	213	201	188	179	265	310	258	127	150
PTmerged830	231	182	296	190	192	181	201	120	451	477	384	519	386	554	677	556	266	227
PTmerged832	13256	13875	20665	22786	12528	14388	19351	8008	212761	192334	203363	182894	157848	186580	231848	203496	211804	192744
PTmerged834	59	46	66	109	28	24	41	4	465	452	451	427	409	560	660	615	189	161
PTmerged835	73	54	139	41	967	1007	1294	546	793	623	677	173	163	609	723	689	615	579
PTmerged836	50	31	78	37	14	17	25	17	233	205	230	241	216	199	257	232	325	288
PTmerged837	2388	1465	3932	1907	6157	5347	6249	3402	469	471	485	495	442	727	845	727	393	410
PTmerged838	523	280	752	348	1176	986	1176	743	113	83	105	139	113	82	98	82	78	94
PTmerged839	1044	737	1674	791	3380	2947	3577	2107	1042	981	1043	1124	1042	1687	2125	1754	1844	1749
PTmerged840	191	136	321	151	418	368	422	188	174	171	179	179	152	143	139	129	211	181
PTmerged841	2526	1538	3955	1846	5631	4482	5308	3125	790	733	857	983	894	954	1175	1057	1281	1162
PTmerged842	2526	1538	3955	1846	5631	4482	5308	3125	790	733	857	983	894	954	1175	1057	1281	1162
PTmerged843	4893	3155	7091	8277	7849	8725	11790	6385	170830	155181	170808	162409	151035	132299	165568	146783	161295	138342
PTmerged844	2880	3161	5451	3430	5467	4843	6737	2857	11535	10691	10690	5476	4655	12617	15508	13273	11214	10589
PTmerged845	2208	1243	3283	1559	3334	3117	3812	1816	1070	1112	1002	1009	913	1243	1522	1350	1008	949
PTmerged846	2216	1244	3299	1562	3361	3138	3841	1837	1073	1113	1002	1011	915	1245	1522	1350	1009	949
PTmerged847	165	148	301	147	415	323	341	234	619	474	565	520	467	744	910	772	866	800
PTmerged848	246	158	420	159	341	305	317	202	132	134	116	126	91	99	130	107	171	167
PTmerged849	9	1	8	0	0	0	0	0	0	0	0	0	2	312	400	375	1	0
PTmerged850	5263	3858	8754	5034	16370	13568	16694	9251	13500	12688	13261	18265	17120	13383	16713	15183	16801	15220
PTmerged851	221	200	426	187	1018	858	983	589	61	67	74	65	31	82	83	63	48	59
PTmerged852	1361	966	2096	918	1892	1817	1935	1585	78	114	94	97	93	98	113	102	55	56
PTmerged853	627	424	1018	451	1316	1117	1159	769	60	62	64	62	50	45	47	58	54	57
PTmerged854	88	96	165	105	218	224	257	125	600	558	567	214	201	268	287	258	611	549
PTmerged855	1149	851	1605	790	3779	2892	3314	2327	119	95	85	67	62	78	92	72	81	83
PTmerged856	555	382	886	453	505	482	501	324	38	23	18	20	17	70	90	84	41	48
PTmerged857	494	417	864	424	1733	1543	1806	1035	685	739	667	514	465	721	873	788	695	654
PTmerged858	684	510	1176	642	876	771	1047	459	1269	1136	1182	899	707	762	924	817	1082	944
PTmerged859	668	500	1156	635	867	764	1038	453	1257	1123	1163	893	692	758	919	810	1073	938
PTmerged862	87	66	114	85	209	184	187	101	266	229	251	224	182	266	338	298	242	232
PTmerged863	84	62	111	81	209	184	186	101	264	228	248	220	180	266	338	297	241	232
PTmerged865	249	155	448	193	286	244	342	161	268	237	249	314	348	335	406	328	276	234
PTmerged866	529	334	831	436	729	614	813	459	135	147	129	147	126	139	169	134	145	137
PTmerged867	2558	1569	3857	1764	3016	2832	3134	1869	365	333	403	551	421	280	435	327	209	244
PTmerged868	282	227	528	348	596	464	747	270	1050	926	978	735	595	945	1143	1006	736	617
PTmerged869	15	17	42	23	22	31	22	8	244	228	227	262	207	260	299	274	126	132
PTmerged870	475	329	782	358	1108	1043	1098	689	57	54	43	46	25	38	50	50	35	35
PTmerged871	177	87	247	191	991	888	1059	593	739	596	736	718	651	794	943	869	555	503
PTmerged872	323	197	524	222	1100	802	1014	579	47	44	60	55	53	53	79	53	43	41
PTmerged873	864	541	1198	1346	777	672	836	616	12693	10647	12494	12475	10515	10104	12785	11206	15223	11905
PTmerged874	38592	24368	54636	65495	27159	29834	38069	23491	689309	630625	660755	703641	656024	674084	832188	736075	833236	758404
PTmerged875	52	30	87	112	25	34	39	33	1692	1356	1477	1063	1022	1397	1842	1522	1044	906
PTmerged876	581	408	744	420	545	461	484	306	29	34	48	46	37	37	51	40	40	32
PTmerged877	397	251	679	246	971	799	1089	579	127	113	108	115	86	102	117	106	104	95
PTmerged878	397	251	679	246	975	800	1090	579	128	115	110	115	87	102	117	107	104	95
PTmerged879	481	316	643	308	1066	994	1057	668	66	85	74	55	55	41	75	55	74	57
PTmerged880	544	309	808	398	1058	885	1015	579	80	66	105	119	92	111	126	137	87	90
PTmerged881	22	20	26	36	1	6	4	0	121	113	98	202	191	175	197	173	97	97
PTmerged882	80283	78804	133104	138186	136369	159083	232070	74094	1309794	1259446	1272620	1499930	1342026	1331194	1664344	1459805	1522102	1390936
PTmerged883	29	22	63	39	49	49	49	31	326	387	334	116	92	91	86	80	73	74
PTmerged884	503	304	870	370	515	472	583	367	36	33	28	28	20	19	24	18	19	22
PTmerged885	436	275	640	241	1117	1086	1212	700	164	179	195	151	116	166	222	173	243	241
PTmerged888	1546	1152	2380	1119	2820	2446	2797	1649	160	150	160	247	219	272	392	297	275	232
PTmerged889	1541	1141	2367	1113	2805	2434	2777	1630	159	147	160	247	217	270	390	295	275	232
PTmerged890	233	158	454	203	753	598	757	373	227	230	232	198	174	256	331	304	82	109
PTmerged891	34	48	53	65	35	47	73	24	383	423	395	386	278	519	567	490	334	288
PTmerged892	1652	1142	2556	1560	2766	2337	2616	1548	2220	1868	2056	2470	2040	2427	2814	2444	1736	1703
PTmerged893	396	351	828	436	811	837	1210	445	162	165	187	197	150	286	318	236	215	162
PTmerged897	762	505	1178	546	2044	1589	1825	1342	102	84	103	83	70	75	107	75	85	65
PTmerged898	1966	1274	3114	1709	6026	4781	5427	3180	196	190	199	171	152	117	136	121	117	126
PTmerged899	1964	1273	3113	1708	6021	4771	5418	3174	195	186	189	169	149	114	136	121	116	123
PTmerged900	118	85	170	148	157	116	175	95	791	618	785	1212	1157	764	952	884	1046	888
PTmerged901	571	373	882	405	812	680	841	527	356	282	359	490	384	630	717	565	524	461
PTmerged902	36	32	75	81	2	0	2	0	1228	1222	1002	458	370	586	683	657	103	202
PTmerged903	36	32	70	73	2	0	2	0	1187	1170	956	441	357	559	655	618	97	191
PTmerged904	2860	1697	4293	2229	5455	4803	5420	3247	190	194	207	210	144	164	224	165	145	181
PTmerged905	2822	1686	4262	2208	5395	4761	5376	3216	185	194	203	205	140	161	217	159	139	180
PTmerged906	748	408	1046	572	1161	905	1064	649	112	96	119	122	100	97	120	103	98	102
PTmerged907	395	293	603	308	3084	2568	2938	2056	65	68	62	89	60	82	82	59	69	67
PTmerged908	393	333	582	551	208	257	297	118	5523	5208	5294	5015	4332	5762	7138	6443	5524	5327
PTmerged909	6	1	5	0	494	322	463	244	0	4	2	2	1	3	2	0	5	5
PTmerged910	408	244	647	295	584	489	554	299	74	70	69	91	66	88	102	82	92	85
PTmerged58	3992	2301	5553	6703	2676	2768	3691	1906	70429	60590	68823	65738	58424	70388	88397	78566	97530	85353
PTmerged59	13	8	20	7	0	0	0	0	0	0	0	20	19	0	3	1	0	0
PTmerged60	42	48	62	67	75	54	84	26	319	280	273	347	257	373	425	378	378	315
PTmerged61	244	134	331	169	47	29	52	28	126	108	120	117	109	159	191	156	190	153
PTmerged62	296	204	436	273	315	277	429	213	671	598	652	1067	958	808	975	910	1000	939
PTmerged63	1	0	0	0	1	0	0	0	0	0	0	18	20	1	0	0	99	77
PTmerged64	577	314	938	419	583	652	658	425	102	86	80	110	64	131	151	124	119	106
PTmerged65	182	102	238	90	199	201	182	172	48	41	30	48	26	59	79	54	55	50
PTmerged66	2	1	1	0	1361	1011	1180	867	0	0	0	3	0	0	0	0	1	0
PTmerged67	2	1	1	0	1180	883	1009	767	0	0	0	3	0	0	0	0	1	0
PTmerged68	2856	2320	4793	2552	4935	4417	5374	3361	7588	6926	7237	7663	6479	6838	8473	7220	6814	6106
PTmerged69	2856	2318	4792	2550	4935	4417	5374	3358	7588	6926	7236	7663	6479	6838	8473	7220	6813	6106
PTmerged70	16	21	19	30	1	1	1	0	280	295	273	432	355	418	601	455	469	346
PTmerged71	12084	11200	17983	19690	11430	12749	18336	8155	194117	189935	188984	224928	200569	221293	278166	245662	262273	238531
PTmerged72	54	16	70	39	38	47	54	25	345	259	368	263	216	273	322	291	402	311
PTmerged73	10073	8814	15208	17998	8170	9806	14052	5772	223515	213870	215836	254281	229062	200426	257092	223132	258457	224861
PTmerged74	10073	8814	15208	17998	8170	9806	14052	5772	223516	213868	215837	254282	229061	200429	257092	223130	258456	224862
PTmerged75	251	163	417	132	1508	1313	1491	922	27	34	21	33	12	25	23	15	25	29
PTmerged76	782	448	1081	482	200	204	210	215	29	22	25	33	25	24	59	33	31	16
PTmerged77	219	114	240	143	108	91	88	91	448	420	446	341	297	348	415	333	390	315
PTmerged78	27448	29642	44665	47189	35720	42221	59989	20388	404007	394823	391634	419060	378694	376970	470887	416228	475790	424649
PTmerged79	776	460	1113	605	461	398	451	259	2272	1998	2038	1718	1349	2799	3123	2895	2029	1951
PTmerged80	478	309	679	305	935	760	870	570	35	34	29	38	29	32	41	27	21	23
PTmerged81	968	606	1509	714	743	593	740	454	88	82	92	83	84	82	113	88	101	94
PTmerged82	123	97	230	132	141	144	185	78	430	402	386	404	364	551	618	551	355	330
PTmerged83	699	516	1122	572	1193	1043	1212	797	45	54	54	56	46	43	51	51	36	60
PTmerged84	161	139	226	133	174	167	178	94	214	182	189	216	210	202	243	203	226	217
PTmerged85	41	19	43	11	175	164	148	133	231	222	228	322	265	121	169	132	203	119
PTmerged86	64	101	142	91	46	28	61	39	139	153	116	179	126	301	405	326	117	70
PTmerged87	389	273	572	279	779	558	747	438	195	180	209	358	365	139	190	154	199	184
PTmerged88	361	241	539	259	754	529	728	427	187	176	205	356	362	134	186	150	199	184
PTmerged89	235	160	328	202	257	243	286	156	296	283	270	337	288	425	504	424	316	290
PTmerged90	437	259	533	295	378	356	418	267	188	163	185	208	168	255	322	292	209	178
PTmerged91	437	259	533	293	375	352	418	266	187	163	185	208	168	255	322	292	209	178
PTmerged92	621	905	1036	819	823	731	812	538	2628	2675	2484	1846	1399	3558	4665	3816	812	745
PTmerged93	264	317	427	327	96	107	113	71	1143	1080	1091	749	565	1419	1895	1551	364	322
PTmerged94	383	545	597	464	239	168	169	135	926	940	876	804	566	2569	3473	2918	414	318
PTmerged95	9090	5560	15246	7683	45361	38868	42378	26097	767	761	640	1174	964	1063	1373	996	913	943
PTmerged96	1240	1909	2661	2008	131	183	242	70	5305	5795	5155	3898	3009	6166	8111	7063	3638	3368
PTmerged97	5713	5213	8121	9035	5	13	14	4	2637	2530	2357	93052	84414	39797	50172	43916	44176	41019
PTmerged98	5310	4807	7459	8321	5	5	12	4	2471	2396	2201	85924	77871	34353	43132	37821	44109	40963
PTmerged99	1	0	6	2	0	0	0	0	0	0	0	69	49	0	0	0	0	0
PTmerged100	263	211	525	276	250	299	523	195	7469	7225	7148	415	319	22	33	26	23260	21275
PTmerged101	141	84	272	81	0	0	0	0	0	0	0	7	2	0	1	1	85	48
PTmerged102	32	33	81	50	38	27	70	15	172	183	154	126	83	0	0	0	287	303
PTmerged105	852	472	1159	451	193	209	300	139	97	121	90	127	115	140	136	115	94	72
PTmerged106	647	489	1154	534	797	632	792	507	89	75	76	71	83	65	98	74	56	73
PTmerged107	390	285	725	356	466	456	644	236	756	750	656	828	734	703	960	794	685	702
PTmerged108	1584	1140	2570	2398	1157	1102	1602	720	18604	14950	17726	17209	14986	18187	22372	19664	20390	18779
PTmerged109	106	71	141	102	774	626	563	538	10	6	4	1	7	5	14	6	9	7
PTmerged110	288	240	507	243	414	350	492	234	306	352	325	297	250	324	412	360	305	272
PTmerged111	7434	4936	11277	11669	7545	7716	10439	5019	126985	114404	128522	147512	138746	109272	139179	125903	169837	145268
PTmerged112	274	171	401	201	411	346	361	224	624	579	612	645	622	660	778	754	354	290
PTmerged113	700	425	1192	472	1610	1339	1400	860	53	44	46	58	37	68	61	63	50	64
PTmerged114	96	118	188	130	115	96	121	59	830	785	792	873	757	677	858	694	545	564
PTmerged115	626	402	981	403	1627	1295	1514	982	72	79	80	80	44	61	85	77	71	65
PTmerged116	391	336	751	380	501	456	645	345	5885	5065	5621	3493	3096	3428	4196	3719	3245	2840
PTmerged117	111	86	138	81	150	131	152	110	553	534	538	481	415	271	326	265	656	569
PTmerged118	267	164	488	211	453	372	529	246	201	198	204	364	301	340	400	378	274	226
PTmerged119	247	169	431	215	1120	930	1020	622	330	282	303	260	214	252	350	277	214	225
PTmerged120	709	442	969	506	1217	919	1165	665	304	277	291	463	395	245	322	313	363	283
PTmerged121	20	8	25	18	1538	1420	1634	907	30	21	34	78	48	29	35	40	12	18
PTmerged122	86	38	132	70	275	331	392	227	24	20	18	26	22	24	27	21	15	22
PTmerged123	4	1	8	4	3	8	2	3	0	1	0	0	0	1	3	2	482	359
PTmerged124	637	349	948	389	982	796	1095	581	75	86	78	67	66	107	130	110	91	66
PTmerged125	0	0	0	0	0	0	0	0	0	0	0	1	0	1	1	0	297	243
PTmerged126	289	199	437	226	1073	847	1130	633	75	72	51	68	41	69	83	94	69	102
PTmerged127	1336	766	1878	905	414	384	728	232	108	134	104	225	226	214	279	256	199	119
PTmerged128	714	517	1304	705	1695	1518	2288	757	569	596	599	627	598	753	926	803	799	668
PTmerged129	101	75	156	66	133	130	148	60	230	233	245	236	262	318	408	363	279	272
PTmerged130	214	170	366	166	470	378	536	260	252	240	241	230	189	298	401	304	305	251
PTmerged131	370	325	629	309	1187	912	985	731	167	198	152	133	136	109	103	101	114	83
PTmerged132	2927	2095	4131	1663	1531	1373	1648	1532	423	385	364	208	193	214	261	216	377	332
PTmerged133	246	173	415	216	386	333	489	222	437	412	403	422	380	782	983	861	479	431
PTmerged134	399	317	684	333	774	585	744	411	149	168	186	136	115	100	125	89	165	128
PTmerged135	1912	1290	2861	1581	3876	3108	3771	2185	773	806	738	949	751	1269	1579	1367	801	739
PTmerged136	1911	1290	2861	1581	3876	3099	3771	2185	773	806	738	949	751	1269	1579	1367	801	739
PTmerged137	401	307	685	332	1324	1182	1248	945	73	72	66	74	65	79	80	72	69	69
PTmerged138	903	693	1498	775	3	1	2	4	5	4	2	555	486	678	871	783	641	612
PTmerged139	510	327	734	356	963	733	1048	591	180	212	193	226	176	218	241	212	214	191
PTmerged140	41	35	43	20	513	542	779	272	459	609	464	53	41	514	698	557	88	82
PTmerged141	1644	996	2528	1118	1678	1517	1856	1389	199	189	184	211	203	175	233	218	570	504
PTmerged142	565	452	1134	497	1189	1095	1345	737	1601	1358	1610	1668	1455	843	1142	983	1585	1335
PTmerged143	421	363	869	384	889	783	1007	544	1545	1307	1558	1597	1401	775	1068	919	1511	1267
PTmerged144	346	237	567	266	554	434	587	280	390	348	417	488	467	556	715	656	502	483
PTmerged145	385	229	550	296	1779	1680	1824	992	262	252	256	272	252	390	514	408	306	288
PTmerged146	600	554	862	547	1469	1075	1320	910	523	515	513	645	556	554	692	575	448	446
PTmerged147	53	26	65	39	5	6	1	0	1	0	1	1	0	0	2	2	0	0
PTmerged148	987	668	1543	896	1749	1506	1720	963	2651	2231	2507	2290	2012	2282	2811	2448	2569	2061
PTmerged149	205	153	369	159	464	459	631	296	89	86	84	60	48	67	82	81	81	76
PTmerged150	99	66	156	93	133	115	160	77	178	143	153	210	153	171	190	172	200	171
PTmerged151	409	311	618	298	839	740	914	533	70	83	67	109	92	87	83	66	103	85
PTmerged152	519	358	789	386	538	503	641	320	425	428	460	448	337	484	603	521	403	368
PTmerged153	420	275	705	292	468	485	594	336	186	191	211	210	200	373	423	429	300	277
PTmerged154	99	78	129	79	50	49	79	40	104	96	105	112	107	86	77	82	146	116
PTmerged155	141	123	256	181	125	90	144	69	610	592	625	474	409	372	468	434	396	378
PTmerged156	6208	3841	9014	4408	12780	10845	12299	7623	841	750	856	1401	1204	703	982	840	751	721
PTmerged157	186	102	223	212	134	135	147	67	343	315	332	751	667	302	399	363	570	535
PTmerged158	60	39	84	68	191	120	156	113	218	199	207	148	112	247	274	228	168	152
PTmerged159	501	280	838	428	1001	913	1035	574	258	255	287	248	229	217	341	252	293	241
PTmerged160	501	280	838	428	1001	912	1035	572	258	255	287	248	229	217	341	252	293	241
PTmerged161	834	531	1315	590	1899	1649	2113	1093	366	395	375	316	285	398	464	446	403	391
PTmerged162	834	531	1315	590	1897	1649	2112	1093	366	395	375	316	285	398	464	446	403	391
PTmerged163	206	172	396	179	386	300	295	175	272	208	258	231	207	247	286	287	251	235
PTmerged164	189	134	293	157	222	257	262	129	442	392	412	401	345	404	482	428	344	348
PTmerged165	1634	1145	2880	1499	3671	3117	4013	2045	7653	6758	7481	9510	8231	9016	11494	9985	9117	8069
PTmerged166	1062	736	1760	779	2024	1756	1970	1153	92	64	105	87	74	86	90	65	79	92
PTmerged167	2561	1852	4351	2059	4861	4344	5325	2512	735	836	706	947	809	1328	1604	1360	743	633
PTmerged168	2566	1854	4351	2060	4861	4341	5324	2515	735	837	706	948	810	1328	1604	1360	742	633
PTmerged169	1090	610	1891	949	2659	2217	2346	1504	293	287	319	264	195	135	145	118	227	232
PTmerged170	667	460	1236	542	2663	2181	2600	1415	214	209	206	189	180	214	235	206	210	221
PTmerged171	229	179	427	200	391	368	391	209	513	525	506	285	274	534	593	503	241	266
PTmerged172	2007	1465	3137	1485	5127	4272	4651	3356	247	248	262	267	216	233	247	223	261	235
PTmerged173	56	49	86	42	103	78	81	56	221	202	213	288	278	179	224	188	283	237
PTmerged174	1677	931	2445	1388	1973	1745	2305	1091	5068	4370	5164	7622	6744	6100	7500	6742	5947	5019
PTmerged175	156	102	186	96	98	83	109	77	690	569	719	636	567	516	657	540	491	429
PTmerged176	616	1439	931	480	295	287	388	273	1506	1515	1572	1352	1211	1494	1794	1576	1841	1465
PTmerged177	118	113	192	173	0	0	0	0	1448	1449	1506	1635	1462	1500	1797	1585	1848	1467
PTmerged178	370	328	675	309	1053	817	957	621	47	47	33	53	44	45	51	32	51	45
PTmerged179	301	209	467	256	919	891	927	573	34	23	26	18	16	15	33	27	16	22
PTmerged180	18972	18684	27770	31114	26442	31028	41904	17070	315933	304466	303399	316389	284722	282434	356964	314817	328576	306249
PTmerged181	245	177	431	272	454	432	502	283	238	280	246	285	228	284	332	282	129	113
PTmerged182	621	431	968	430	958	831	1009	669	54	49	41	41	38	52	40	28	42	42
PTmerged183	2095	1723	3601	1769	4095	3763	4669	2615	1559	1463	1604	2370	2058	1826	2139	1876	2058	1927
PTmerged184	2114	1610	3029	3488	2741	3196	4232	1851	47024	43635	45254	39932	36351	36698	45106	40001	45134	41501
PTmerged185	448	241	609	581	242	284	382	193	7667	6824	7525	7477	6685	7430	9411	8111	9918	8506
PTmerged186	1119	690	1908	890	2739	2243	2865	1460	585	543	521	538	443	736	903	796	639	606
PTmerged187	146	134	233	121	819	603	637	393	186	165	156	165	158	285	334	313	181	177
PTmerged188	494	309	739	285	1042	913	1028	653	38	28	36	31	29	26	25	33	25	41
PTmerged189	969	781	1575	773	1656	1312	1717	883	506	451	446	496	390	720	919	780	686	649
PTmerged190	79	65	126	106	105	67	113	62	224	170	215	272	199	251	309	259	108	109
PTmerged191	301	209	405	223	306	256	367	192	657	572	632	742	687	573	748	661	927	832
PTmerged192	1794	1078	2543	1243	8482	6962	7664	5146	133	117	114	126	92	102	111	93	115	156
PTmerged193	924	550	1545	616	269	175	242	161	20	25	27	47	45	48	40	44	52	51
PTmerged194	375	204	624	245	798	697	942	397	262	211	226	242	185	266	350	312	249	212
PTmerged195	1491	1097	2400	1263	3158	2757	3207	1832	143	151	149	336	263	421	581	456	223	204
PTmerged196	644	382	929	389	622	530	543	325	78	41	56	78	74	58	59	58	74	63
PTmerged197	1284	907	2106	1160	3484	3104	3821	1915	1183	1119	1148	1214	1095	1393	1808	1544	1001	852
PTmerged198	15	10	28	28	8	17	13	4	186	198	223	174	143	228	256	241	212	185
PTmerged200	0	2	1	0	0	0	0	0	0	0	0	1	1	4	5	3	251	241
PTmerged201	7	7	15	13	0	4	6	4	246	207	242	197	168	193	208	193	285	206
PTmerged202	259	123	403	173	649	538	639	412	30	27	35	40	23	39	35	36	44	50
PTmerged203	37	18	37	39	49	62	85	26	347	317	336	339	269	296	314	271	390	348
PTmerged204	843	514	1205	572	1239	1033	1214	829	56	54	53	54	40	38	49	41	35	43
PTmerged205	4162	2761	6547	3049	8494	7063	8148	5134	217	170	213	139	113	117	122	90	182	177
PTmerged206	229	171	395	240	537	468	605	246	1189	1009	1159	1043	828	1207	1516	1324	1384	1221
PTmerged207	1339	699	1959	884	3501	3094	3747	1921	445	457	451	404	358	605	797	627	562	579
PTmerged208	51200	40325	77078	83652	60330	67897	97888	41371	1025282	962784	992637	952351	857866	933573	1168292	1025352	1107931	994421
PTmerged209	13	16	18	35	43	31	51	18	530	493	489	216	231	325	451	356	258	232
PTmerged210	7462	6212	11234	12305	7683	9058	13313	4815	146996	137885	142078	121174	106316	128245	160914	141059	154247	140114
PTmerged211	740	424	1075	456	1291	1151	1346	818	54	52	69	50	37	50	73	52	35	47
PTmerged212	62	41	86	97	49	50	78	51	1752	1647	1807	1339	1290	1103	1355	1227	1021	692
PTmerged213	423	214	538	295	382	371	446	209	180	182	199	209	179	298	320	305	233	198
PTmerged214	212	170	305	131	920	648	813	545	67	86	46	50	44	45	39	36	46	31
PTmerged215	205	163	296	131	920	647	810	541	64	84	45	48	44	44	34	35	45	29
PTmerged216	108	84	176	111	497	457	517	311	190	177	170	163	166	210	255	198	186	186
PTmerged218	746	450	1086	546	1885	1568	1842	1113	57	56	43	45	29	41	61	40	45	43
PTmerged217	746	450	1086	546	1885	1568	1843	1113	57	56	43	45	29	41	61	40	45	43
PTmerged219	1337	795	1910	988	3883	3257	3489	2223	111	107	103	135	94	108	132	111	106	127
PTmerged220	22	21	44	34	13	5	29	4	486	445	491	502	471	497	556	537	581	527
PTmerged221	406	256	571	271	666	633	860	450	634	604	612	547	527	711	780	711	659	594
PTmerged222	37	35	68	42	38	22	46	15	359	366	363	556	475	287	399	303	129	128
PTmerged223	1164	790	2046	1006	1603	1575	2067	951	1459	1356	1411	1134	1024	1636	2141	1775	1741	1650
PTmerged225	1321	1046	1881	2323	1578	1733	2460	1071	27099	24197	26108	28760	25311	25837	32434	28304	28618	25340
PTmerged226	5736	6329	9834	8713	8687	9473	14039	4035	58839	55396	56230	76177	64701	47685	59336	51420	53998	51831
PTmerged227	654	431	863	479	1637	1306	1379	929	240	183	235	270	225	217	281	275	240	265
PTmerged228	644	424	857	475	1630	1300	1375	927	239	181	234	267	225	217	280	273	237	262
PTmerged229	2178	1704	3751	1698	6476	5591	6795	4224	648	756	677	736	688	789	919	772	678	571
PTmerged230	2833	1964	4319	1892	2721	2365	2865	1603	275	251	312	234	197	223	280	215	238	213
PTmerged231	964	651	1635	836	3091	2967	3474	1627	428	461	433	521	430	525	612	607	585	575
PTmerged232	1173	693	1926	839	2862	2481	2834	1582	80	84	94	82	90	76	116	71	59	67
PTmerged233	432	260	783	328	1	11	2	1	10	10	4	21	20	0	1	0	0	0
PTmerged234	17	25	44	33	7	13	17	14	155	161	181	172	156	176	220	178	218	216
PTmerged235	88	49	165	98	125	98	144	58	223	222	237	275	248	237	284	250	269	255
PTmerged236	124	111	172	229	97	109	149	88	1366	1262	1216	1926	1668	1916	2446	2142	1324	1402
PTmerged237	439	246	692	284	1311	1129	1334	837	141	145	150	151	136	161	223	183	186	134
PTmerged238	46935	55943	83065	80037	74903	88826	131334	38428	629538	638859	605965	690781	599263	663408	832356	721042	697961	657921
PTmerged239	88	169	216	152	12	5	17	14	241	199	190	191	135	268	258	209	408	385
PTmerged245	1015	571	1428	766	2703	1957	2150	1525	125	113	108	114	79	94	119	97	110	128
PTmerged246	455	332	737	309	845	787	915	546	74	89	76	82	61	73	106	108	88	72
PTmerged247	84	73	146	166	94	81	139	95	1841	1689	1854	2976	2788	1766	2049	1844	2304	1811
PTmerged248	84	73	146	166	94	82	139	98	1841	1689	1854	2977	2788	1766	2050	1844	2304	1811
PTmerged249	1765	996	2459	2576	925	980	1184	733	131270	111287	126890	30793	27312	20276	25436	21747	279326	265026
PTmerged250	67	50	114	21	989	818	847	570	20	19	22	23	21	19	24	30	0	0
PTmerged251	501	270	896	311	792	753	933	592	30	43	22	42	28	27	30	19	25	35
PTmerged252	238	203	405	214	798	679	834	479	184	128	182	171	153	228	298	228	174	181
PTmerged253	187	135	300	130	428	473	494	357	309	260	258	243	196	211	283	247	281	256
PTmerged254	22	10	44	16	14	7	12	9	286	237	248	252	224	463	569	464	188	173
PTmerged255	12	4	22	11	10	4	8	5	267	231	233	238	216	438	539	437	178	164
PTmerged256	135	82	225	128	364	398	523	196	71	70	76	81	72	97	121	114	60	62
PTmerged257	27	24	59	38	16	23	10	4	325	324	325	308	242	318	316	292	281	242
PTmerged258	2102	1298	2988	1575	4670	3638	4119	2447	1063	1097	1030	1273	1082	1339	1568	1331	1127	1057
PTmerged259	5	2	4	6	9	19	29	13	570	476	502	951	891	394	524	466	527	374
PTmerged260	70	82	85	84	12	10	11	12	1	1	3	741	537	712	927	719	309	207
PTmerged261	27	63	57	79	11	2	8	6	5	4	9	408	311	492	648	500	189	173
PTmerged262	30	65	68	83	14	4	10	7	7	6	10	795	546	678	838	682	281	236
PTmerged263	319	204	483	248	300	279	341	150	286	254	312	346	285	379	500	387	256	217
PTmerged264	100	62	159	78	223	163	174	79	116	127	128	436	328	626	839	741	308	226
PTmerged265	9	12	11	10	9	10	5	1	112	97	118	143	109	101	129	102	287	277
PTmerged266	0	0	0	0	13	14	4	3	1	0	0	0	0	3	9	6	9	6
PTmerged267	0	0	0	0	682	731	810	326	0	0	0	0	0	146	183	130	104	98
PTmerged268	0	0	2	0	357	332	417	208	2	5	2	2	0	2	0	0	1	0
PTmerged270	105	113	184	163	146	121	158	60	368	339	379	491	413	638	695	700	398	354
PTmerged271	33	16	30	21	4	4	3	2	54	54	72	32	26	88	83	62	52	35
PTmerged272	55216	45080	82342	87638	65177	74178	107364	42891	1036284	983154	991634	1005889	932521	946181	1185242	1045763	1089376	1008801
PTmerged273	31	34	54	24	20	17	10	10	191	157	206	248	163	237	298	260	353	292
PTmerged274	118	64	143	75	49	78	71	34	113	95	108	62	61	102	86	100	79	82
PTmerged275	2146	2038	4004	2842	3439	3607	5205	1794	20026	19031	19622	25418	21971	22118	27825	23767	27611	22880
PTmerged276	5	8	17	22	8	12	11	8	164	155	162	263	192	180	249	219	149	110
PTmerged277	51	45	105	95	32	23	27	17	743	648	733	964	944	699	840	706	731	614
PTmerged278	38	16	43	34	66	45	37	48	48	38	46	362	321	192	245	232	290	295
PTmerged279	425	315	686	305	4	5	3	0	0	0	0	17	20	12	28	6	0	0
PTmerged280	45383	49170	72710	78754	63934	75881	109646	34864	697449	682862	683568	660080	588458	602909	759273	668821	722679	712122
PTmerged281	45052	48557	71943	78277	63706	75673	109457	34725	697130	682416	683178	659188	587670	601807	757866	667536	721932	711402
PTmerged282	290	198	458	252	534	426	615	307	411	335	419	485	428	488	601	488	572	480
PTmerged283	143	193	259	122	156	165	218	97	368	412	371	414	278	639	804	638	302	293
PTmerged284	18568	18521	28589	30678	19107	22159	32391	12014	262096	260411	256075	316337	282331	279468	352838	310374	343461	307063
PTmerged285	79	138	129	108	38	12	22	8	158	200	160	239	193	573	786	584	172	128
PTmerged286	994	671	1664	761	965	908	1096	631	46	39	43	38	28	11	27	8	42	41
PTmerged287	1251	879	1907	1000	3261	2736	3173	1940	153	201	166	190	134	212	229	210	144	146
PTmerged288	2585	2188	3704	4162	3641	3772	5084	2317	31932	30600	31050	25372	23138	34556	43331	38815	50697	42129
PTmerged289	1087	816	1787	766	1956	1686	2069	1129	858	777	836	875	768	690	898	746	757	634
PTmerged290	2348	1520	3949	1645	4159	3830	4509	2661	615	568	613	593	444	684	831	650	505	490
PTmerged291	2261	1532	3772	1886	5630	4473	5031	3389	295	298	310	478	401	394	439	353	344	309
PTmerged292	867	732	1476	1029	2	5	2	5	188	161	181	154	102	188	254	225	151	129
PTmerged293	338	237	574	249	814	627	800	397	65	73	68	60	69	100	107	74	65	59
PTmerged294	16	9	22	14	31	23	33	10	38	40	44	36	23	126	131	105	136	164
PTmerged295	36	36	61	45	42	49	37	12	270	286	228	283	207	146	188	142	148	136
PTmerged296	40	15	26	14	21	28	48	11	0	0	0	4	1	0	2	5	0	0
PTmerged297	115	100	188	131	99	107	179	52	716	666	705	690	559	864	1027	806	513	497
PTmerged298	315	248	618	465	499	411	663	310	4897	4317	4721	4348	3558	4236	5274	4679	4863	4309
PTmerged299	409	298	562	340	478	444	504	255	482	484	463	503	422	564	729	599	423	368
PTmerged300	741	480	1074	606	2215	1629	2075	1430	94	53	63	66	51	57	67	60	98	138
PTmerged301	24	21	66	47	27	9	19	11	524	445	550	332	301	413	545	511	773	534
PTmerged302	11	3	17	19	0	0	0	0	733	563	684	137	60	155	187	154	105	55
PTmerged303	227	139	313	178	891	778	963	500	41	53	51	25	42	47	54	34	32	34
PTmerged304	336	180	431	207	268	305	362	190	193	120	186	216	157	167	194	187	115	94
PTmerged305	587	448	853	722	1426	1367	1997	701	12065	10310	11415	6886	5607	5694	6947	5885	3740	3396
PTmerged306	508	370	842	417	567	435	607	318	795	597	706	696	554	1078	1268	1080	752	659
PTmerged307	3372	2538	5648	2531	4344	3899	4571	3157	233	205	225	319	285	180	261	210	278	264
PTmerged308	1823	1035	2747	1434	2576	2561	2953	1469	1382	1212	1347	1464	1148	1233	1540	1400	1594	1241
PTmerged309	383	248	524	229	511	454	593	352	196	187	199	146	152	236	240	216	272	228
PTmerged310	320	211	482	245	830	619	806	424	621	504	598	540	490	475	601	524	598	558
PTmerged311	3303	2190	5398	2430	7695	6993	8370	4551	2414	2176	2290	2478	2175	2816	3411	2943	2995	2760
PTmerged312	56	52	109	63	96	53	87	47	321	245	239	208	168	288	319	274	313	250
PTmerged313	403	278	753	320	1567	1361	1597	1022	27	32	33	33	26	30	25	22	22	31
PTmerged314	105	91	174	74	73	89	82	60	140	124	117	150	126	155	138	147	241	233
PTmerged315	2361	1522	3469	1710	1807	1644	1818	1236	127	136	128	105	71	83	119	85	82	91
PTmerged316	2358	1521	3459	1702	1805	1642	1816	1231	124	130	126	102	70	81	114	84	82	90
PTmerged317	146	89	213	150	84	95	101	65	777	783	787	1110	946	217	256	206	886	812
PTmerged318	47	47	107	75	68	46	95	30	289	247	294	309	272	272	315	289	335	315
PTmerged319	13	6	12	11	0	1	0	0	22	29	26	19	20	2	0	0	58	30
PTmerged320	1366	934	2172	981	2796	2367	2758	1651	194	189	176	188	138	205	226	175	191	149
PTmerged321	52	73	113	109	95	65	135	46	779	710	730	639	558	871	986	930	639	595
PTmerged322	33	38	43	73	20	27	62	15	578	552	522	754	710	674	865	774	896	720
PTmerged323	177	108	286	144	342	295	388	276	778	722	764	794	745	787	876	875	899	808
PTmerged324	1610	986	2520	1190	3692	2952	3171	2082	170	136	160	157	120	164	176	176	176	199
PTmerged325	1543	950	2456	1144	3558	2822	3064	2024	155	125	147	130	104	143	155	150	156	172
PTmerged326	2333	1390	3462	1576	3653	3402	4158	2348	1139	1013	1139	1762	1461	1279	1585	1441	1532	1313
PTmerged327	2336	1391	3472	1574	3655	3414	4160	2356	1139	1012	1139	1762	1461	1278	1586	1440	1531	1313
PTmerged328	1386	848	2061	1060	2964	2626	3147	2057	2286	2089	2344	2837	2528	1865	2268	2154	2339	1933
PTmerged329	1218	753	2080	1024	2352	2069	2499	1215	146	143	130	139	145	117	139	126	127	118
PTmerged330	78	86	143	88	46	46	40	26	129	154	101	4	2	624	715	531	1	0
PTmerged331	103	58	173	61	702	563	773	354	309	267	306	313	234	293	328	274	385	221
PTmerged332	679	443	1052	457	1441	1409	1776	966	198	159	155	183	146	171	197	155	175	157
PTmerged333	359	179	481	225	802	788	1059	464	134	156	134	80	64	167	208	161	164	127
PTmerged334	1422	681	1961	990	1773	1456	1809	958	1643	1522	1559	1482	1336	1618	1934	1630	1025	1151
PTmerged335	739	392	1021	437	1158	972	1160	513	133	111	151	145	112	134	189	145	156	155
PTmerged336	146	56	202	146	61	83	107	46	453	370	381	610	530	719	893	842	514	486
PTmerged337	439	215	620	297	770	788	913	435	181	123	171	178	138	273	261	264	236	180
PTmerged338	418	202	595	297	756	778	894	428	178	112	169	174	136	275	258	266	235	181
PTmerged339	11	7	25	12	0	1	1	2	196	155	210	176	157	279	372	322	352	263
PTmerged340	99	78	160	80	83	87	95	31	247	247	212	312	252	338	478	416	163	182
PTmerged341	16	14	19	36	13	9	7	8	149	91	131	270	232	194	250	204	220	131
PTmerged342	574	386	994	486	751	688	796	513	41	39	31	25	25	42	46	49	101	93
PTmerged343	1103	799	1603	802	1311	1283	1613	737	244	279	225	238	199	224	337	307	223	215
PTmerged344	459	333	653	256	828	841	926	844	11	21	20	10	15	19	12	11	4	0
PTmerged345	597	334	882	436	1167	1083	1280	623	499	425	484	723	586	709	818	806	650	549
PTmerged346	623	340	921	475	707	646	822	429	518	460	496	668	634	728	936	835	702	631
PTmerged347	40	18	53	38	24	33	23	28	158	129	157	113	89	189	255	228	222	214
PTmerged350	2632	1894	3875	1760	5489	4806	5647	3796	223	263	255	174	149	142	189	160	140	147
PTmerged351	938	527	1380	646	1273	1167	1395	834	207	185	220	203	166	234	319	275	212	181
PTmerged352	612	299	851	354	977	812	1017	583	48	60	59	50	39	57	65	50	72	48
PTmerged353	688	336	976	409	1182	944	1181	680	63	74	79	68	57	72	96	75	86	61
PTmerged354	669	462	1042	471	1565	1242	1407	868	69	60	63	50	44	53	56	51	60	48
PTmerged355	652	445	997	453	1484	1168	1330	795	55	51	59	45	37	46	48	44	54	43
PTmerged356	1060	722	1699	890	1293	1202	1491	775	455	482	466	518	413	537	634	539	607	619
PTmerged357	18	52	51	30	6	11	6	1	79	125	89	213	181	375	514	371	158	104
PTmerged358	1135	661	1577	832	1947	1558	1762	1291	72	60	78	62	53	45	54	46	61	75
PTmerged359	128	88	152	100	85	80	136	73	219	219	265	223	186	294	405	348	297	230
PTmerged361	373	562	758	467	217	242	311	138	4016	5289	4223	5714	4751	2568	3498	3200	3978	3500
PTmerged362	45	55	113	63	52363	58374	87635	19060	122	191	146	149	122	110	123	127	135	96
PTmerged363	224149	346312	461710	373113	983700	1107844	1643230	414859	3398570	3642309	3274726	3437574	2886179	2133332	2734433	2324975	2171977	2013000
PTmerged364	37	113	162	114	74	104	118	24	250	280	226	278	240	173	262	214	124	101
PTmerged365	57742	85761	110558	97110	304637	338114	497229	126830	817445	874200	778804	875453	734567	514755	659319	562594	538458	497511
PTmerged366	1045	1813	2094	1340	1040	958	1191	587	3585	4611	3651	4234	3165	3830	5083	4342	2153	1787
PTmerged367	433	834	896	554	293	324	461	158	1467	1859	1481	1856	1320	1683	2273	1903	997	874
PTmerged368	253	421	512	311	186	157	190	106	832	1057	846	861	667	721	1070	923	489	362
PTmerged369	52	70	72	53	29	20	13	3	123	171	161	120	91	171	246	223	79	80
PTmerged370	26	28	36	12	583	395	417	535	29	41	25	16	5	3	2	6	3	3
PTmerged371	1091	658	1732	792	1759	1568	1905	1164	64	54	57	47	43	36	37	32	35	49
PTmerged372	1091	658	1739	795	1761	1568	1905	1163	64	56	57	47	44	36	37	33	36	47
PTmerged373	85	84	138	83	149	132	119	65	280	256	311	320	236	262	313	246	281	284
PTmerged374	118	102	215	113	209	176	353	87	3	3	1	537	490	1	0	1	231	214
PTmerged375	61	43	90	77	58	54	71	30	1506	1426	1438	1503	1241	1224	1416	1217	869	808
PTmerged376	63	43	91	77	58	54	71	30	1537	1461	1463	1524	1258	1231	1435	1227	885	827
PTmerged377	222	173	291	186	107	89	133	92	672	599	757	958	830	1047	1295	1156	1187	929
PTmerged379	29	19	52	24	27	23	32	14	243	244	268	384	333	432	496	459	370	356
PTmerged380	243	179	477	191	553	499	543	359	137	115	126	142	101	119	133	120	349	291
PTmerged381	1047	753	1502	664	2348	1972	2106	1435	114	110	112	129	85	116	133	115	121	92
PTmerged382	7	1	5	3	616	519	487	434	0	1	0	0	2	1	1	0	1	1
PTmerged383	151	155	280	280	129	160	215	103	1020	948	961	2020	1771	1515	1932	1540	3097	2903
PTmerged384	151	155	280	282	129	168	217	103	1026	954	966	2024	1777	1518	1938	1544	3099	2907
PTmerged385	838	590	1375	605	775	648	808	571	157	191	151	107	100	127	152	96	106	120
PTmerged386	801	561	1350	573	707	571	739	511	152	181	146	104	97	121	143	93	104	115
PTmerged387	27	16	40	51	79	73	101	54	212	214	182	358	286	266	350	304	300	303
PTmerged388	27071	24386	40177	43710	31134	36842	53609	21738	463447	447899	445541	472176	420590	465447	585317	515483	512867	480230
PTmerged389	70	90	120	120	93	100	117	51	721	721	687	742	613	987	1176	1050	1086	1020
PTmerged390	532	397	680	682	323	371	586	257	7122	6995	6834	7054	6394	8188	10422	8915	9912	9483
PTmerged391	127	75	160	223	3	8	5	9	262	336	260	741	736	918	1167	961	276	193
PTmerged392	93	60	116	173	0	1	0	2	144	173	137	448	431	465	611	515	168	132
PTmerged393	61	34	72	94	10	6	9	5	80	86	89	150	151	608	806	705	192	150
PTmerged394	1230	719	2108	887	4407	3753	4482	2442	114	98	107	89	69	98	119	76	164	134
PTmerged397	80	55	139	69	63	51	89	49	118	102	113	171	174	199	228	181	209	199
PTmerged398	375	258	621	302	515	493	571	283	276	232	261	318	250	388	483	439	425	363
PTmerged399	108	118	174	135	39	25	28	16	1031	964	1025	94	78	166	205	170	178	188
PTmerged400	372	210	566	318	347	374	528	172	244	201	225	224	163	258	339	301	264	247
PTmerged401	725	385	1128	457	1258	1001	1177	631	302	253	263	178	158	178	211	151	173	160
PTmerged402	344	231	519	261	798	714	894	493	30	30	42	21	28	30	30	16	22	17
PTmerged403	1048	701	1592	823	1985	1677	1860	1185	84	92	86	103	81	81	92	78	100	90
PTmerged404	218	166	305	139	181	163	219	99	229	207	262	244	177	279	365	334	170	166
PTmerged405	360	179	588	228	618	639	683	311	213	229	225	91	76	183	226	196	155	130
PTmerged406	12	5	20	8	2	4	4	4	174	178	146	267	198	529	609	577	209	185
PTmerged407	2118	1424	3198	1557	5755	4851	5693	3517	142	113	122	144	119	129	172	152	171	175
PTmerged408	684	437	1212	540	1181	941	1224	615	200	162	227	418	333	208	295	267	228	249
PTmerged409	667	429	1189	532	1157	918	1199	605	196	158	222	410	324	201	286	262	221	244
PTmerged410	14	19	27	37	44	40	80	30	159	169	174	215	207	268	326	273	325	282
PTmerged411	1430	1023	2436	1093	3123	2762	3361	1812	255	290	255	443	321	492	656	515	281	250
PTmerged412	55431	37470	78947	92302	56420	63940	86934	43446	1125063	1037076	1088431	1209424	1105896	942720	1190726	1041913	1286800	1141526
PTmerged413	55431	37466	78935	92289	56418	63937	86928	43444	1124845	1036899	1088219	1209264	1105774	942485	1190448	1041642	1286574	1141301
PTmerged414	496	445	763	893	75	135	141	67	8337	8221	7775	6349	5218	8585	10716	9391	6927	6755
PTmerged415	106	60	219	105	201	196	320	111	150	143	134	160	149	225	210	222	204	180
PTmerged416	195	167	319	167	358	296	394	175	328	273	278	302	283	362	449	360	291	263
PTmerged417	193	167	317	167	356	296	392	175	327	273	278	302	282	362	445	360	290	262
PTmerged418	23	20	41	47	93	127	146	63	404	312	347	313	219	150	201	200	237	219
PTmerged419	603	397	944	412	1204	1047	1238	786	113	111	92	152	107	150	167	148	125	150
PTmerged420	294	206	451	239	1380	1217	1337	926	38	43	37	26	16	31	33	15	11	24
PTmerged421	1794	1338	3161	1651	2592	2481	2917	1564	3003	2847	3022	3306	2988	3190	3845	3411	3814	3195
PTmerged422	1271	955	2180	868	2062	1562	1854	1246	138	101	110	131	97	126	142	125	132	131
PTmerged423	116	70	204	120	87	65	105	61	256	251	248	197	200	168	200	225	197	206
PTmerged424	37	39	76	35	58	54	56	26	243	241	248	433	384	230	282	243	212	185
PTmerged425	37	39	76	35	58	52	56	26	242	240	248	433	383	230	282	243	212	185
PTmerged426	226	264	518	195	1044	832	872	731	7	0	4	16	9	1	1	0	8	3
PTmerged427	89	91	151	75	94	77	84	73	217	207	214	205	177	304	325	295	234	190
PTmerged428	28002	19642	39552	20158	23129	23023	24449	21549	900	1031	892	1221	1153	1373	1774	1452	1007	780
PTmerged429	133	95	158	150	119	114	176	52	341	332	340	417	412	395	447	388	341	333
PTmerged430	211	182	329	169	197	243	298	161	291	252	292	261	236	289	392	343	316	256
PTmerged431	87	76	158	138	202	185	322	82	530	424	469	906	766	951	1184	998	1007	904
PTmerged432	84	127	181	213	15	18	17	9	3806	2941	3410	3475	2227	6828	7982	6168	1312	1544
PTmerged433	3429	1448	3188	6252	2160	2286	2691	2047	43034	37583	43505	47306	41889	36560	46504	41241	55852	45055
PTmerged434	151	77	179	106	343	338	349	224	194	184	197	191	193	199	250	210	272	223
PTmerged435	227	135	353	192	266	248	291	184	163	185	158	155	124	249	288	249	170	143
PTmerged437	2406	1613	4083	1842	5700	4957	5813	3378	426	427	389	553	438	492	655	546	525	389
PTmerged438	442	237	645	355	881	667	860	442	599	591	623	473	420	623	722	635	545	482
PTmerged439	67	89	125	89	62	98	99	40	846	985	786	1427	1237	922	1135	1024	816	788
